{
  "월별 아파트 거래량": [
    {
      "시도": "서울특별시",
      "1월": 17545,
      "2월": 16515,
      "3월": 15521,
      "4월": 7332,
      "5월": 9767,
      "6월": 15761,
      "7월": 24038,
      "8월": 12277,
      "9월": 13207,
      "10월": 10276,
      "11월": 10548,
      "12월": 14060
    },
    {
      "시도": "부산광역시",
      "1월": 11037,
      "2월": 8456,
      "3월": 8762,
      "4월": 6846,
      "5월": 6983,
      "6월": 13588,
      "7월": 13397,
      "8월": 8636,
      "9월": 9313,
      "10월": 11502,
      "11월": 18932,
      "12월": 15122
    },
    {
      "시도": "대구광역시",
      "1월": 7025,
      "2월": 8725,
      "3월": 4874,
      "4월": 4026,
      "5월": 5581,
      "6월": 8561,
      "7월": 11089,
      "8월": 7244,
      "9월": 12306,
      "10월": 10372,
      "11월": 9322,
      "12월": 10873
    },
    {
      "시도": "인천광역시",
      "1월": 18841,
      "2월": 13637,
      "3월": 15049,
      "4월": 6792,
      "5월": 9258,
      "6월": 12911,
      "7월": 9456,
      "8월": 9042,
      "9월": 8656,
      "10월": 5144,
      "11월": 4471,
      "12월": 7969
    },
    {
      "시도": "광주광역시",
      "1월": 3524,
      "2월": 8878,
      "3월": 3181,
      "4월": 2330,
      "5월": 3281,
      "6월": 3783,
      "7월": 4724,
      "8월": 3486,
      "9월": 2981,
      "10월": 3225,
      "11월": 8982,
      "12월": 7240
    },
    {
      "시도": "대전광역시",
      "1월": 4165,
      "2월": 4354,
      "3월": 3483,
      "4월": 2750,
      "5월": 3085,
      "6월": 8165,
      "7월": 3693,
      "8월": 2323,
      "9월": 1895,
      "10월": 2115,
      "11월": 4190,
      "12월": 3890
    },
    {
      "시도": "울산광역시",
      "1월": 2885,
      "2월": 3281,
      "3월": 1990,
      "4월": 1233,
      "5월": 1581,
      "6월": 2661,
      "7월": 5964,
      "8월": 1957,
      "9월": 2519,
      "10월": 2273,
      "11월": 6537,
      "12월": 4892
    },
    {
      "시도": "세종특별자치시",
      "1월": 2159,
      "2월": 1824,
      "3월": 1191,
      "4월": 776,
      "5월": 1527,
      "6월": 1577,
      "7월": 8988,
      "8월": 2870,
      "9월": 1328,
      "10월": 715,
      "11월": 644,
      "12월": 1615
    },
    {
      "시도": "경기도",
      "1월": 38053,
      "2월": 53407,
      "3월": 43226,
      "4월": 26861,
      "5월": 28200,
      "6월": 52000,
      "7월": 52315,
      "8월": 30564,
      "9월": 30616,
      "10월": 36782,
      "11월": 33524,
      "12월": 50371
    },
    {
      "시도": "강원도",
      "1월": 4173,
      "2월": 5080,
      "3월": 3572,
      "4월": 3156,
      "5월": 3522,
      "6월": 4514,
      "7월": 4578,
      "8월": 2909,
      "9월": 3599,
      "10월": 3209,
      "11월": 3630,
      "12월": 4606
    },
    {
      "시도": "충청북도",
      "1월": 3695,
      "2월": 3932,
      "3월": 3063,
      "4월": 2716,
      "5월": 6598,
      "6월": 5848,
      "7월": 2793,
      "8월": 2051,
      "9월": 2861,
      "10월": 2383,
      "11월": 3277,
      "12월": 4429
    },
    {
      "시도": "충청남도",
      "1월": 4165,
      "2월": 4390,
      "3월": 4570,
      "4월": 4063,
      "5월": 4009,
      "6월": 6480,
      "7월": 6748,
      "8월": 5394,
      "9월": 6571,
      "10월": 6694,
      "11월": 6377,
      "12월": 9698
    },
    {
      "시도": "전라북도",
      "1월": 4152,
      "2월": 3897,
      "3월": 3120,
      "4월": 2506,
      "5월": 3623,
      "6월": 4023,
      "7월": 4634,
      "8월": 3327,
      "9월": 3155,
      "10월": 3738,
      "11월": 4873,
      "12월": 6851
    },
    {
      "시도": "전라남도",
      "1월": 2361,
      "2월": 4265,
      "3월": 3180,
      "4월": 4154,
      "5월": 4787,
      "6월": 4266,
      "7월": 5982,
      "8월": 2986,
      "9월": 4176,
      "10월": 4381,
      "11월": 3628,
      "12월": 5000
    },
    {
      "시도": "경상북도",
      "1월": 3968,
      "2월": 4213,
      "3월": 3142,
      "4월": 3184,
      "5월": 4171,
      "6월": 6300,
      "7월": 5350,
      "8월": 3736,
      "9월": 3721,
      "10월": 4473,
      "11월": 6647,
      "12월": 10297
    },
    {
      "시도": "경상남도",
      "1월": 8962,
      "2월": 7322,
      "3월": 5464,
      "4월": 4040,
      "5월": 6326,
      "6월": 7519,
      "7월": 8973,
      "8월": 7832,
      "9월": 6640,
      "10월": 6101,
      "11월": 11781,
      "12월": 14391
    },
    {
      "시도": "제주특별자치도",
      "1월": 415,
      "2월": 366,
      "3월": 333,
      "4월": 247,
      "5월": 232,
      "6월": 391,
      "7월": 499,
      "8월": 335,
      "9월": 300,
      "10월": 383,
      "11월": 574,
      "12월": 1055
    }
  ]
}