{
  "월간": [
    {
      "년월": "2020.01",
      "합계": 1096736091,
      "평균": 29391.292804502213,
      "최대": 245000,
      "최소": 830,
      "거래건수": 37315
    },
    {
      "년월": "2020.02",
      "합계": 1543096770,
      "평균": 29540.86779232713,
      "최대": 243000,
      "최소": 562,
      "거래건수": 52236
    },
    {
      "년월": "2020.03",
      "합계": 796655905,
      "평균": 25341.34634348061,
      "최대": 186000,
      "최소": 515,
      "거래건수": 31437
    },
    {
      "년월": "2020.04",
      "합계": 663482528,
      "평균": 23689.0362753499,
      "최대": 260000,
      "최소": 600,
      "거래건수": 28008
    },
    {
      "년월": "2020.05",
      "합계": 1000579671,
      "평균": 26266.070011025357,
      "최대": 284000,
      "최소": 600,
      "거래건수": 38094
    },
    {
      "년월": "2020.06",
      "합계": 2056233698,
      "평균": 32543.067152013926,
      "최대": 350000,
      "최소": 600,
      "거래건수": 63185
    },
    {
      "년월": "2020.07",
      "합계": 1400949823,
      "평균": 31862.941753093157,
      "최대": 250000,
      "최소": 571,
      "거래건수": 43968
    },
    {
      "년월": "2020.08",
      "합계": 916221344,
      "평균": 29566.018393623544,
      "최대": 260000,
      "최소": 950,
      "거래건수": 30989
    },
    {
      "년월": "2020.09",
      "합계": 861822019,
      "평균": 28174.246264997222,
      "최대": 302000,
      "최소": 640,
      "거래건수": 30589
    },
    {
      "년월": "2020.10",
      "합계": 209860736,
      "평균": 24144.12517257248,
      "최대": 195000,
      "최소": 750,
      "거래건수": 8692
    }
  ]
}