{
  "월별 아파트 거래 거래량 면적": [
    {
      "시도": "서울특별시",
      "시군구": "소계",
      "1월_호수": 17545,
      "1월_면적": 1217,
      "2월_호수": 16515,
      "2월_면적": 1186,
      "3월_호수": 15521,
      "3월_면적": 1027,
      "4월_호수": 7332,
      "4월_면적": 450,
      "5월_호수": 9767,
      "5월_면적": 661,
      "6월_호수": 15761,
      "6월_면적": 1134,
      "7월_호수": 24038,
      "7월_면적": 1751,
      "8월_호수": 12277,
      "8월_면적": 861,
      "9월_호수": 13207,
      "9월_면적": 894,
      "10월_호수": 10276,
      "10월_면적": 651,
      "11월_호수": 10548,
      "11월_면적": 708,
      "12월_호수": 14060,
      "12월_면적": 983
    },
    {
      "시도": "부산광역시",
      "시군구": "소계",
      "1월_호수": 11037,
      "1월_면적": 846,
      "2월_호수": 8456,
      "2월_면적": 681,
      "3월_호수": 8762,
      "3월_면적": 675,
      "4월_호수": 6846,
      "4월_면적": 502,
      "5월_호수": 6983,
      "5월_면적": 512,
      "6월_호수": 13588,
      "6월_면적": 1036,
      "7월_호수": 13397,
      "7월_면적": 1041,
      "8월_호수": 8636,
      "8월_면적": 660,
      "9월_호수": 9313,
      "9월_면적": 731,
      "10월_호수": 11502,
      "10월_면적": 892,
      "11월_호수": 18932,
      "11월_면적": 1482,
      "12월_호수": 15122,
      "12월_면적": 1109
    },
    {
      "시도": "대구광역시",
      "시군구": "소계",
      "1월_호수": 7025,
      "1월_면적": 564,
      "2월_호수": 8725,
      "2월_면적": 675,
      "3월_호수": 4874,
      "3월_면적": 369,
      "4월_호수": 4026,
      "4월_면적": 308,
      "5월_호수": 5581,
      "5월_면적": 422,
      "6월_호수": 8561,
      "6월_면적": 668,
      "7월_호수": 11089,
      "7월_면적": 874,
      "8월_호수": 7244,
      "8월_면적": 567,
      "9월_호수": 12306,
      "9월_면적": 961,
      "10월_호수": 10372,
      "10월_면적": 836,
      "11월_호수": 9322,
      "11월_면적": 736,
      "12월_호수": 10873,
      "12월_면적": 853
    },
    {
      "시도": "인천광역시",
      "시군구": "소계",
      "1월_호수": 18841,
      "1월_면적": 1511,
      "2월_호수": 13637,
      "2월_면적": 1025,
      "3월_호수": 15049,
      "3월_면적": 1189,
      "4월_호수": 6792,
      "4월_면적": 493,
      "5월_호수": 9258,
      "5월_면적": 670,
      "6월_호수": 12911,
      "6월_면적": 985,
      "7월_호수": 9456,
      "7월_면적": 653,
      "8월_호수": 9042,
      "8월_면적": 665,
      "9월_호수": 8656,
      "9월_면적": 636,
      "10월_호수": 5144,
      "10월_면적": 374,
      "11월_호수": 4471,
      "11월_면적": 322,
      "12월_호수": 7969,
      "12월_면적": 587
    },
    {
      "시도": "광주광역시",
      "시군구": "소계",
      "1월_호수": 3524,
      "1월_면적": 269,
      "2월_호수": 8878,
      "2월_면적": 702,
      "3월_호수": 3181,
      "3월_면적": 243,
      "4월_호수": 2330,
      "4월_면적": 171,
      "5월_호수": 3281,
      "5월_면적": 252,
      "6월_호수": 3783,
      "6월_면적": 453,
      "7월_호수": 4724,
      "7월_면적": 373,
      "8월_호수": 3486,
      "8월_면적": 436,
      "9월_호수": 2981,
      "9월_면적": 227,
      "10월_호수": 3225,
      "10월_면적": 249,
      "11월_호수": 8982,
      "11월_면적": 715,
      "12월_호수": 7240,
      "12월_면적": 559
    },
    {
      "시도": "대전광역시",
      "시군구": "소계",
      "1월_호수": 4165,
      "1월_면적": 316,
      "2월_호수": 4354,
      "2월_면적": 322,
      "3월_호수": 3483,
      "3월_면적": 254,
      "4월_호수": 2750,
      "4월_면적": 191,
      "5월_호수": 3085,
      "5월_면적": 224,
      "6월_호수": 8165,
      "6월_면적": 624,
      "7월_호수": 3693,
      "7월_면적": 262,
      "8월_호수": 2323,
      "8월_면적": 164,
      "9월_호수": 1895,
      "9월_면적": 137,
      "10월_호수": 2115,
      "10월_면적": 154,
      "11월_호수": 4190,
      "11월_면적": 328,
      "12월_호수": 3890,
      "12월_면적": 285
    },
    {
      "시도": "울산광역시",
      "시군구": "소계",
      "1월_호수": 2885,
      "1월_면적": 228,
      "2월_호수": 3281,
      "2월_면적": 252,
      "3월_호수": 1990,
      "3월_면적": 155,
      "4월_호수": 1233,
      "4월_면적": 94,
      "5월_호수": 1581,
      "5월_면적": 122,
      "6월_호수": 2661,
      "6월_면적": 211,
      "7월_호수": 5964,
      "7월_면적": 482,
      "8월_호수": 1957,
      "8월_면적": 149,
      "9월_호수": 2519,
      "9월_면적": 193,
      "10월_호수": 2273,
      "10월_면적": 179,
      "11월_호수": 6537,
      "11월_면적": 500,
      "12월_호수": 4892,
      "12월_면적": 365
    },
    {
      "시도": "세종특별자치시",
      "시군구": "소계",
      "1월_호수": 2159,
      "1월_면적": 176,
      "2월_호수": 1824,
      "2월_면적": 147,
      "3월_호수": 1191,
      "3월_면적": 97,
      "4월_호수": 776,
      "4월_면적": 59,
      "5월_호수": 1527,
      "5월_면적": 103,
      "6월_호수": 1577,
      "6월_면적": 120,
      "7월_호수": 8988,
      "7월_면적": 658,
      "8월_호수": 2870,
      "8월_면적": 194,
      "9월_호수": 1328,
      "9월_면적": 83,
      "10월_호수": 715,
      "10월_면적": 47,
      "11월_호수": 644,
      "11월_면적": 40,
      "12월_호수": 1615,
      "12월_면적": 130
    },
    {
      "시도": "경기도",
      "시군구": "소계",
      "1월_호수": 38053,
      "1월_면적": 2938,
      "2월_호수": 53407,
      "2월_면적": 4131,
      "3월_호수": 43226,
      "3월_면적": 3296,
      "4월_호수": 26861,
      "4월_면적": 2024,
      "5월_호수": 28200,
      "5월_면적": 2066,
      "6월_호수": 52000,
      "6월_면적": 3955,
      "7월_호수": 52315,
      "7월_면적": 3985,
      "8월_호수": 30564,
      "8월_면적": 2339,
      "9월_호수": 30616,
      "9월_면적": 2352,
      "10월_호수": 36782,
      "10월_면적": 2804,
      "11월_호수": 33524,
      "11월_면적": 2486,
      "12월_호수": 50371,
      "12월_면적": 3815
    },
    {
      "시도": "강원도",
      "시군구": "소계",
      "1월_호수": 4173,
      "1월_면적": 313,
      "2월_호수": 5080,
      "2월_면적": 375,
      "3월_호수": 3572,
      "3월_면적": 266,
      "4월_호수": 3156,
      "4월_면적": 231,
      "5월_호수": 3522,
      "5월_면적": 256,
      "6월_호수": 4514,
      "6월_면적": 333,
      "7월_호수": 4578,
      "7월_면적": 343,
      "8월_호수": 2909,
      "8월_면적": 206,
      "9월_호수": 3599,
      "9월_면적": 280,
      "10월_호수": 3209,
      "10월_면적": 242,
      "11월_호수": 3630,
      "11월_면적": 258,
      "12월_호수": 4606,
      "12월_면적": 325
    },
    {
      "시도": "충청북도",
      "시군구": "소계",
      "1월_호수": 3695,
      "1월_면적": 277,
      "2월_호수": 3932,
      "2월_면적": 291,
      "3월_호수": 3063,
      "3월_면적": 219,
      "4월_호수": 2716,
      "4월_면적": 195,
      "5월_호수": 6598,
      "5월_면적": 516,
      "6월_호수": 5848,
      "6월_면적": 423,
      "7월_호수": 2793,
      "7월_면적": 194,
      "8월_호수": 2051,
      "8월_면적": 143,
      "9월_호수": 2861,
      "9월_면적": 203,
      "10월_호수": 2383,
      "10월_면적": 163,
      "11월_호수": 3277,
      "11월_면적": 228,
      "12월_호수": 4429,
      "12월_면적": 305
    },
    {
      "시도": "충청남도",
      "시군구": "소계",
      "1월_호수": 4165,
      "1월_면적": 313,
      "2월_호수": 4390,
      "2월_면적": 319,
      "3월_호수": 4570,
      "3월_면적": 339,
      "4월_호수": 4063,
      "4월_면적": 287,
      "5월_호수": 4009,
      "5월_면적": 296,
      "6월_호수": 6480,
      "6월_면적": 472,
      "7월_호수": 6748,
      "7월_면적": 477,
      "8월_호수": 5394,
      "8월_면적": 379,
      "9월_호수": 6571,
      "9월_면적": 501,
      "10월_호수": 6694,
      "10월_면적": 505,
      "11월_호수": 6377,
      "11월_면적": 469,
      "12월_호수": 9698,
      "12월_면적": 728
    },
    {
      "시도": "전라북도",
      "시군구": "소계",
      "1월_호수": 4152,
      "1월_면적": 319,
      "2월_호수": 3897,
      "2월_면적": 298,
      "3월_호수": 3120,
      "3월_면적": 230,
      "4월_호수": 2506,
      "4월_면적": 186,
      "5월_호수": 3623,
      "5월_면적": 252,
      "6월_호수": 4023,
      "6월_면적": 300,
      "7월_호수": 4634,
      "7월_면적": 345,
      "8월_호수": 3327,
      "8월_면적": 259,
      "9월_호수": 3155,
      "9월_면적": 245,
      "10월_호수": 3738,
      "10월_면적": 284,
      "11월_호수": 4873,
      "11월_면적": 367,
      "12월_호수": 6851,
      "12월_면적": 500
    },
    {
      "시도": "전라남도",
      "시군구": "소계",
      "1월_호수": 2361,
      "1월_면적": 173,
      "2월_호수": 4265,
      "2월_면적": 326,
      "3월_호수": 3180,
      "3월_면적": 236,
      "4월_호수": 4154,
      "4월_면적": 308,
      "5월_호수": 4787,
      "5월_면적": 376,
      "6월_호수": 4266,
      "6월_면적": 328,
      "7월_호수": 5982,
      "7월_면적": 445,
      "8월_호수": 2986,
      "8월_면적": 221,
      "9월_호수": 4176,
      "9월_면적": 298,
      "10월_호수": 4381,
      "10월_면적": 329,
      "11월_호수": 3628,
      "11월_면적": 266,
      "12월_호수": 5000,
      "12월_면적": 392
    },
    {
      "시도": "경상북도",
      "시군구": "소계",
      "1월_호수": 3968,
      "1월_면적": 300,
      "2월_호수": 4213,
      "2월_면적": 318,
      "3월_호수": 3142,
      "3월_면적": 235,
      "4월_호수": 3184,
      "4월_면적": 235,
      "5월_호수": 4171,
      "5월_면적": 308,
      "6월_호수": 6300,
      "6월_면적": 485,
      "7월_호수": 5350,
      "7월_면적": 407,
      "8월_호수": 3736,
      "8월_면적": 281,
      "9월_호수": 3721,
      "9월_면적": 277,
      "10월_호수": 4473,
      "10월_면적": 329,
      "11월_호수": 6647,
      "11월_면적": 489,
      "12월_호수": 10297,
      "12월_면적": 777
    },
    {
      "시도": "경상남도",
      "시군구": "소계",
      "1월_호수": 8962,
      "1월_면적": 671,
      "2월_호수": 7322,
      "2월_면적": 488,
      "3월_호수": 5464,
      "3월_면적": 389,
      "4월_호수": 4040,
      "4월_면적": 287,
      "5월_호수": 6326,
      "5월_면적": 455,
      "6월_호수": 7519,
      "6월_면적": 570,
      "7월_호수": 8973,
      "7월_면적": 670,
      "8월_호수": 7832,
      "8월_면적": 600,
      "9월_호수": 6640,
      "9월_면적": 508,
      "10월_호수": 6101,
      "10월_면적": 465,
      "11월_호수": 11781,
      "11월_면적": 895,
      "12월_호수": 14391,
      "12월_면적": 1102
    },
    {
      "시도": "제주특별자치도",
      "시군구": "소계",
      "1월_호수": 415,
      "1월_면적": 27,
      "2월_호수": 366,
      "2월_면적": 26,
      "3월_호수": 333,
      "3월_면적": 23,
      "4월_호수": 247,
      "4월_면적": 17,
      "5월_호수": 232,
      "5월_면적": 16,
      "6월_호수": 391,
      "6월_면적": 23,
      "7월_호수": 499,
      "7월_면적": 36,
      "8월_호수": 335,
      "8월_면적": 24,
      "9월_호수": 300,
      "9월_면적": 22,
      "10월_호수": 383,
      "10월_면적": 28,
      "11월_호수": 574,
      "11월_면적": 42,
      "12월_호수": 1055,
      "12월_면적": 79
    }
  ]
}