{
  "월별 아파트 거래 면적": [
    {
      "시도": "서울특별시",
      "시군구": "소계",
      "1월_면적": 1217,
      "2월_면적": 1186,
      "3월_면적": 1027,
      "4월_면적": 450,
      "5월_면적": 661,
      "6월_면적": 1134,
      "7월_면적": 1751,
      "8월_면적": 861,
      "9월_면적": 894,
      "10월_면적": 651,
      "11월_면적": 708,
      "12월_면적": 983
    },
    {
      "시도": "부산광역시",
      "시군구": "소계",
      "1월_면적": 846,
      "2월_면적": 681,
      "3월_면적": 675,
      "4월_면적": 502,
      "5월_면적": 512,
      "6월_면적": 1036,
      "7월_면적": 1041,
      "8월_면적": 660,
      "9월_면적": 731,
      "10월_면적": 892,
      "11월_면적": 1482,
      "12월_면적": 1109
    },
    {
      "시도": "대구광역시",
      "시군구": "소계",
      "1월_면적": 564,
      "2월_면적": 675,
      "3월_면적": 369,
      "4월_면적": 308,
      "5월_면적": 422,
      "6월_면적": 668,
      "7월_면적": 874,
      "8월_면적": 567,
      "9월_면적": 961,
      "10월_면적": 836,
      "11월_면적": 736,
      "12월_면적": 853
    },
    {
      "시도": "인천광역시",
      "시군구": "소계",
      "1월_면적": 1511,
      "2월_면적": 1025,
      "3월_면적": 1189,
      "4월_면적": 493,
      "5월_면적": 670,
      "6월_면적": 985,
      "7월_면적": 653,
      "8월_면적": 665,
      "9월_면적": 636,
      "10월_면적": 374,
      "11월_면적": 322,
      "12월_면적": 587
    },
    {
      "시도": "광주광역시",
      "시군구": "소계",
      "1월_면적": 269,
      "2월_면적": 702,
      "3월_면적": 243,
      "4월_면적": 171,
      "5월_면적": 252,
      "6월_면적": 453,
      "7월_면적": 373,
      "8월_면적": 436,
      "9월_면적": 227,
      "10월_면적": 249,
      "11월_면적": 715,
      "12월_면적": 559
    },
    {
      "시도": "대전광역시",
      "시군구": "소계",
      "1월_면적": 316,
      "2월_면적": 322,
      "3월_면적": 254,
      "4월_면적": 191,
      "5월_면적": 224,
      "6월_면적": 624,
      "7월_면적": 262,
      "8월_면적": 164,
      "9월_면적": 137,
      "10월_면적": 154,
      "11월_면적": 328,
      "12월_면적": 285
    },
    {
      "시도": "울산광역시",
      "시군구": "소계",
      "1월_면적": 228,
      "2월_면적": 252,
      "3월_면적": 155,
      "4월_면적": 94,
      "5월_면적": 122,
      "6월_면적": 211,
      "7월_면적": 482,
      "8월_면적": 149,
      "9월_면적": 193,
      "10월_면적": 179,
      "11월_면적": 500,
      "12월_면적": 365
    },
    {
      "시도": "세종특별자치시",
      "시군구": "소계",
      "1월_면적": 176,
      "2월_면적": 147,
      "3월_면적": 97,
      "4월_면적": 59,
      "5월_면적": 103,
      "6월_면적": 120,
      "7월_면적": 658,
      "8월_면적": 194,
      "9월_면적": 83,
      "10월_면적": 47,
      "11월_면적": 40,
      "12월_면적": 130
    },
    {
      "시도": "경기도",
      "시군구": "소계",
      "1월_면적": 2938,
      "2월_면적": 4131,
      "3월_면적": 3296,
      "4월_면적": 2024,
      "5월_면적": 2066,
      "6월_면적": 3955,
      "7월_면적": 3985,
      "8월_면적": 2339,
      "9월_면적": 2352,
      "10월_면적": 2804,
      "11월_면적": 2486,
      "12월_면적": 3815
    },
    {
      "시도": "강원도",
      "시군구": "소계",
      "1월_면적": 313,
      "2월_면적": 375,
      "3월_면적": 266,
      "4월_면적": 231,
      "5월_면적": 256,
      "6월_면적": 333,
      "7월_면적": 343,
      "8월_면적": 206,
      "9월_면적": 280,
      "10월_면적": 242,
      "11월_면적": 258,
      "12월_면적": 325
    },
    {
      "시도": "충청북도",
      "시군구": "소계",
      "1월_면적": 277,
      "2월_면적": 291,
      "3월_면적": 219,
      "4월_면적": 195,
      "5월_면적": 516,
      "6월_면적": 423,
      "7월_면적": 194,
      "8월_면적": 143,
      "9월_면적": 203,
      "10월_면적": 163,
      "11월_면적": 228,
      "12월_면적": 305
    },
    {
      "시도": "충청남도",
      "시군구": "소계",
      "1월_면적": 313,
      "2월_면적": 319,
      "3월_면적": 339,
      "4월_면적": 287,
      "5월_면적": 296,
      "6월_면적": 472,
      "7월_면적": 477,
      "8월_면적": 379,
      "9월_면적": 501,
      "10월_면적": 505,
      "11월_면적": 469,
      "12월_면적": 728
    },
    {
      "시도": "전라북도",
      "시군구": "소계",
      "1월_면적": 319,
      "2월_면적": 298,
      "3월_면적": 230,
      "4월_면적": 186,
      "5월_면적": 252,
      "6월_면적": 300,
      "7월_면적": 345,
      "8월_면적": 259,
      "9월_면적": 245,
      "10월_면적": 284,
      "11월_면적": 367,
      "12월_면적": 500
    },
    {
      "시도": "전라남도",
      "시군구": "소계",
      "1월_면적": 173,
      "2월_면적": 326,
      "3월_면적": 236,
      "4월_면적": 308,
      "5월_면적": 376,
      "6월_면적": 328,
      "7월_면적": 445,
      "8월_면적": 221,
      "9월_면적": 298,
      "10월_면적": 329,
      "11월_면적": 266,
      "12월_면적": 392
    },
    {
      "시도": "경상북도",
      "시군구": "소계",
      "1월_면적": 300,
      "2월_면적": 318,
      "3월_면적": 235,
      "4월_면적": 235,
      "5월_면적": 308,
      "6월_면적": 485,
      "7월_면적": 407,
      "8월_면적": 281,
      "9월_면적": 277,
      "10월_면적": 329,
      "11월_면적": 489,
      "12월_면적": 777
    },
    {
      "시도": "경상남도",
      "시군구": "소계",
      "1월_면적": 671,
      "2월_면적": 488,
      "3월_면적": 389,
      "4월_면적": 287,
      "5월_면적": 455,
      "6월_면적": 570,
      "7월_면적": 670,
      "8월_면적": 600,
      "9월_면적": 508,
      "10월_면적": 465,
      "11월_면적": 895,
      "12월_면적": 1102
    },
    {
      "시도": "제주특별자치도",
      "시군구": "소계",
      "1월_면적": 27,
      "2월_면적": 26,
      "3월_면적": 23,
      "4월_면적": 17,
      "5월_면적": 16,
      "6월_면적": 23,
      "7월_면적": 36,
      "8월_면적": 24,
      "9월_면적": 22,
      "10월_면적": 28,
      "11월_면적": 42,
      "12월_면적": 79
    }
  ]
}