{
  "일간": [
    {
      "거래일": "2020-01-01",
      "합계": 7123516,
      "평균": 29436.01652892562,
      "최대": 100000,
      "최소": 3900,
      "거래건수": 242
    },
    {
      "거래일": "2020-01-02",
      "합계": 29002698,
      "평균": 26904.17254174397,
      "최대": 230000,
      "최소": 1000,
      "거래건수": 1078
    },
    {
      "거래일": "2020-01-03",
      "합계": 35843354,
      "평균": 29070.035685320356,
      "최대": 130000,
      "최소": 2000,
      "거래건수": 1233
    },
    {
      "거래일": "2020-01-04",
      "합계": 58287057,
      "평균": 32562.601675977654,
      "최대": 128000,
      "최소": 2600,
      "거래건수": 1790
    },
    {
      "거래일": "2020-01-05",
      "합계": 14046335,
      "평균": 29141.773858921162,
      "최대": 104000,
      "최소": 2600,
      "거래건수": 482
    },
    {
      "거래일": "2020-01-06",
      "합계": 39597485,
      "평균": 28426.048097631014,
      "최대": 149000,
      "최소": 1700,
      "거래건수": 1393
    },
    {
      "거래일": "2020-01-07",
      "합계": 35975570,
      "평균": 28529.3973037272,
      "최대": 170000,
      "최소": 830,
      "거래건수": 1261
    },
    {
      "거래일": "2020-01-08",
      "합계": 35270135,
      "평균": 28535.70792880259,
      "최대": 136000,
      "최소": 2500,
      "거래건수": 1236
    },
    {
      "거래일": "2020-01-09",
      "합계": 35607945,
      "평균": 28809.016990291264,
      "최대": 152500,
      "최소": 1460,
      "거래건수": 1236
    },
    {
      "거래일": "2020-01-10",
      "합계": 44606455,
      "평균": 29423.78298153034,
      "최대": 184500,
      "최소": 1700,
      "거래건수": 1516
    },
    {
      "거래일": "2020-01-11",
      "합계": 62974916,
      "평균": 32799.43541666667,
      "최대": 175000,
      "최소": 2250,
      "거래건수": 1920
    },
    {
      "거래일": "2020-01-12",
      "합계": 14986836,
      "평균": 29271.1640625,
      "최대": 125000,
      "최소": 2400,
      "거래건수": 512
    },
    {
      "거래일": "2020-01-13",
      "합계": 45428634,
      "평균": 28679.69318181818,
      "최대": 147000,
      "최소": 1000,
      "거래건수": 1584
    },
    {
      "거래일": "2020-01-14",
      "합계": 38298724,
      "평균": 28181.548197203825,
      "최대": 172500,
      "최소": 2000,
      "거래건수": 1359
    },
    {
      "거래일": "2020-01-15",
      "합계": 40016627,
      "평균": 27674.015905947443,
      "최대": 106000,
      "최소": 1100,
      "거래건수": 1446
    },
    {
      "거래일": "2020-01-16",
      "합계": 41203339,
      "평균": 29036.884425651868,
      "최대": 144700,
      "최소": 2800,
      "거래건수": 1419
    },
    {
      "거래일": "2020-01-17",
      "합계": 45271673,
      "평균": 28780.465988556898,
      "최대": 119900,
      "최소": 1770,
      "거래건수": 1573
    },
    {
      "거래일": "2020-01-18",
      "합계": 86669200,
      "평균": 33657.94174757282,
      "최대": 149000,
      "최소": 1700,
      "거래건수": 2575
    },
    {
      "거래일": "2020-01-19",
      "합계": 17036512,
      "평균": 28875.44406779661,
      "최대": 115000,
      "최소": 2200,
      "거래건수": 590
    },
    {
      "거래일": "2020-01-20",
      "합계": 51252848,
      "평균": 28068.372398685653,
      "최대": 128000,
      "최소": 1500,
      "거래건수": 1826
    },
    {
      "거래일": "2020-01-21",
      "합계": 47727384,
      "평균": 29570.869888475838,
      "최대": 136000,
      "최소": 2450,
      "거래건수": 1614
    },
    {
      "거래일": "2020-01-22",
      "합계": 49077288,
      "평균": 30596.81296758105,
      "최대": 140000,
      "최소": 1000,
      "거래건수": 1604
    },
    {
      "거래일": "2020-01-23",
      "합계": 41798864,
      "평균": 29984.83787661406,
      "최대": 144000,
      "최소": 1100,
      "거래건수": 1394
    },
    {
      "거래일": "2020-01-24",
      "합계": 4409100,
      "평균": 27385.714285714286,
      "최대": 127000,
      "최소": 2200,
      "거래건수": 161
    },
    {
      "거래일": "2020-01-25",
      "합계": 695870,
      "평균": 21086.969696969696,
      "최대": 63000,
      "최소": 3450,
      "거래건수": 33
    },
    {
      "거래일": "2020-01-26",
      "합계": 1091450,
      "평균": 20989.423076923078,
      "최대": 75000,
      "최소": 3600,
      "거래건수": 52
    },
    {
      "거래일": "2020-01-27",
      "합계": 6888909,
      "평균": 25898.154135338347,
      "최대": 81000,
      "최소": 3000,
      "거래건수": 266
    },
    {
      "거래일": "2020-01-28",
      "합계": 39771497,
      "평균": 27504.49308437068,
      "최대": 245000,
      "최소": 1700,
      "거래건수": 1446
    },
    {
      "거래일": "2020-01-29",
      "합계": 42525995,
      "평균": 28733.780405405407,
      "최대": 154000,
      "최소": 2400,
      "거래건수": 1480
    },
    {
      "거래일": "2020-01-30",
      "합계": 41302174,
      "평균": 28001.473898305085,
      "최대": 126000,
      "최소": 2000,
      "거래건수": 1475
    },
    {
      "거래일": "2020-01-31",
      "합계": 42947701,
      "평균": 28273.66754443713,
      "최대": 168000,
      "최소": 1600,
      "거래건수": 1519
    },
    {
      "거래일": "2020-02-01",
      "합계": 77643134,
      "평균": 31434.467206477733,
      "최대": 123500,
      "최소": 600,
      "거래건수": 2470
    },
    {
      "거래일": "2020-02-02",
      "합계": 16346075,
      "평균": 27380.36013400335,
      "최대": 134000,
      "최소": 2000,
      "거래건수": 597
    },
    {
      "거래일": "2020-02-03",
      "합계": 50588671,
      "평균": 27583.790076335878,
      "최대": 149000,
      "최소": 1750,
      "거래건수": 1834
    },
    {
      "거래일": "2020-02-04",
      "합계": 46893280,
      "평균": 28079.808383233532,
      "최대": 143000,
      "최소": 1300,
      "거래건수": 1670
    },
    {
      "거래일": "2020-02-05",
      "합계": 45266858,
      "평균": 28116.06086956522,
      "최대": 172500,
      "최소": 1200,
      "거래건수": 1610
    },
    {
      "거래일": "2020-02-06",
      "합계": 40950482,
      "평균": 27409.961178045516,
      "최대": 155000,
      "최소": 1100,
      "거래건수": 1494
    },
    {
      "거래일": "2020-02-07",
      "합계": 49478362,
      "평균": 28048.95804988662,
      "최대": 160000,
      "최소": 1550,
      "거래건수": 1764
    },
    {
      "거래일": "2020-02-08",
      "합계": 72219168,
      "평균": 31358.73556231003,
      "최대": 180000,
      "최소": 1500,
      "거래건수": 2303
    },
    {
      "거래일": "2020-02-09",
      "합계": 16752328,
      "평균": 27644.105610561055,
      "최대": 128000,
      "최소": 2650,
      "거래건수": 606
    },
    {
      "거래일": "2020-02-10",
      "합계": 54542443,
      "평균": 27284.86393196598,
      "최대": 243000,
      "최소": 1250,
      "거래건수": 1999
    },
    {
      "거래일": "2020-02-11",
      "합계": 51702179,
      "평균": 28548.966869133077,
      "최대": 130000,
      "최소": 1200,
      "거래건수": 1811
    },
    {
      "거래일": "2020-02-12",
      "합계": 48526657,
      "평균": 28578.71436984688,
      "최대": 165000,
      "최소": 750,
      "거래건수": 1698
    },
    {
      "거래일": "2020-02-13",
      "합계": 48330337,
      "평균": 28246.836353009934,
      "최대": 136900,
      "최소": 1000,
      "거래건수": 1711
    },
    {
      "거래일": "2020-02-14",
      "합계": 58055516,
      "평균": 29202.975855130786,
      "최대": 240000,
      "최소": 1300,
      "거래건수": 1988
    },
    {
      "거래일": "2020-02-15",
      "합계": 114265743,
      "평균": 32853.86515238643,
      "최대": 160000,
      "최소": 1550,
      "거래건수": 3478
    },
    {
      "거래일": "2020-02-16",
      "합계": 20974265,
      "평균": 28653.367486338797,
      "최대": 140000,
      "최소": 3000,
      "거래건수": 732
    },
    {
      "거래일": "2020-02-17",
      "합계": 66498033,
      "평균": 29371.92270318021,
      "최대": 181000,
      "최소": 1500,
      "거래건수": 2264
    },
    {
      "거래일": "2020-02-18",
      "합계": 65090320,
      "평균": 30134.40740740741,
      "최대": 138500,
      "최소": 2000,
      "거래건수": 2160
    },
    {
      "거래일": "2020-02-19",
      "합계": 74619108,
      "평균": 31143.200333889818,
      "최대": 182000,
      "최소": 1700,
      "거래건수": 2396
    },
    {
      "거래일": "2020-02-20",
      "합계": 60929303,
      "평균": 28767.376298394713,
      "최대": 197000,
      "최소": 1100,
      "거래건수": 2118
    },
    {
      "거래일": "2020-02-21",
      "합계": 58323723,
      "평균": 28506.218475073314,
      "최대": 200000,
      "최소": 1124,
      "거래건수": 2046
    },
    {
      "거래일": "2020-02-22",
      "합계": 82791660,
      "평균": 30973.31088664422,
      "최대": 193500,
      "최소": 1400,
      "거래건수": 2673
    },
    {
      "거래일": "2020-02-23",
      "합계": 21272001,
      "평균": 29462.605263157893,
      "최대": 138500,
      "최소": 2700,
      "거래건수": 722
    },
    {
      "거래일": "2020-02-24",
      "합계": 52357499,
      "평균": 28240.290722761598,
      "최대": 170000,
      "최소": 1800,
      "거래건수": 1854
    },
    {
      "거래일": "2020-02-25",
      "합계": 46663334,
      "평균": 29589.939124920737,
      "최대": 177500,
      "최소": 1780,
      "거래건수": 1577
    },
    {
      "거래일": "2020-02-26",
      "합계": 46218411,
      "평균": 29608.206918641896,
      "최대": 163000,
      "최소": 2000,
      "거래건수": 1561
    },
    {
      "거래일": "2020-02-27",
      "합계": 42104137,
      "평균": 30031.481455064193,
      "최대": 148500,
      "최소": 2300,
      "거래건수": 1402
    },
    {
      "거래일": "2020-02-28",
      "합계": 40606310,
      "평균": 29192.17109992811,
      "최대": 140000,
      "최소": 562,
      "거래건수": 1391
    },
    {
      "거래일": "2020-02-29",
      "합계": 73087433,
      "평균": 31680.725184221934,
      "최대": 169000,
      "최소": 1630,
      "거래건수": 2307
    },
    {
      "거래일": "2020-03-01",
      "합계": 11123313,
      "평균": 25989.04906542056,
      "최대": 170000,
      "최소": 3450,
      "거래건수": 428
    },
    {
      "거래일": "2020-03-02",
      "합계": 30698156,
      "평균": 24171.776377952756,
      "최대": 128000,
      "최소": 1700,
      "거래건수": 1270
    },
    {
      "거래일": "2020-03-03",
      "합계": 29505958,
      "평균": 26042.32833186231,
      "최대": 177000,
      "최소": 1300,
      "거래건수": 1133
    },
    {
      "거래일": "2020-03-04",
      "합계": 29552215,
      "평균": 25323.23479005998,
      "최대": 108000,
      "최소": 2000,
      "거래건수": 1167
    },
    {
      "거래일": "2020-03-05",
      "합계": 28124217,
      "평균": 25754.777472527472,
      "최대": 170000,
      "최소": 1000,
      "거래건수": 1092
    },
    {
      "거래일": "2020-03-06",
      "합계": 32658915,
      "평균": 26638.592985318108,
      "최대": 146000,
      "최소": 1550,
      "거래건수": 1226
    },
    {
      "거래일": "2020-03-07",
      "합계": 57164395,
      "평균": 29634.21202695697,
      "최대": 186000,
      "최소": 1900,
      "거래건수": 1929
    },
    {
      "거래일": "2020-03-08",
      "합계": 10747920,
      "평균": 26538.074074074073,
      "최대": 122000,
      "최소": 1700,
      "거래건수": 405
    },
    {
      "거래일": "2020-03-09",
      "합계": 36403956,
      "평균": 26417.96516690856,
      "최대": 136000,
      "최소": 700,
      "거래건수": 1378
    },
    {
      "거래일": "2020-03-10",
      "합계": 36215500,
      "평균": 27751.340996168583,
      "최대": 150000,
      "최소": 1500,
      "거래건수": 1305
    },
    {
      "거래일": "2020-03-11",
      "합계": 34004587,
      "평균": 28010.36820428336,
      "최대": 120000,
      "최소": 1750,
      "거래건수": 1214
    },
    {
      "거래일": "2020-03-12",
      "합계": 35780867,
      "평균": 30143.948609941028,
      "최대": 165000,
      "최소": 1550,
      "거래건수": 1187
    },
    {
      "거래일": "2020-03-13",
      "합계": 25981408,
      "평균": 24557.09640831758,
      "최대": 170000,
      "최소": 515,
      "거래건수": 1058
    },
    {
      "거래일": "2020-03-14",
      "합계": 40997671,
      "평균": 27186.78448275862,
      "최대": 105000,
      "최소": 2250,
      "거래건수": 1508
    },
    {
      "거래일": "2020-03-15",
      "합계": 9623000,
      "평균": 24239.294710327456,
      "최대": 84700,
      "최소": 2450,
      "거래건수": 397
    },
    {
      "거래일": "2020-03-16",
      "합계": 27848896,
      "평균": 23843.23287671233,
      "최대": 145000,
      "최소": 1450,
      "거래건수": 1168
    },
    {
      "거래일": "2020-03-17",
      "합계": 24270382,
      "평균": 23771.18707149853,
      "최대": 125000,
      "최소": 1500,
      "거래건수": 1021
    },
    {
      "거래일": "2020-03-18",
      "합계": 23531427,
      "평균": 23391.080516898608,
      "최대": 128500,
      "최소": 1000,
      "거래건수": 1006
    },
    {
      "거래일": "2020-03-19",
      "합계": 21078172,
      "평균": 24339.69053117783,
      "최대": 126800,
      "최소": 1700,
      "거래건수": 866
    },
    {
      "거래일": "2020-03-20",
      "합계": 24170329,
      "평균": 23420.861434108527,
      "최대": 136000,
      "최소": 900,
      "거래건수": 1032
    },
    {
      "거래일": "2020-03-21",
      "합계": 40848470,
      "평균": 28171.358620689654,
      "최대": 140000,
      "최소": 1900,
      "거래건수": 1450
    },
    {
      "거래일": "2020-03-22",
      "합계": 7191175,
      "평균": 22685.094637223974,
      "최대": 77800,
      "최소": 1250,
      "거래건수": 317
    },
    {
      "거래일": "2020-03-23",
      "합계": 21147322,
      "평균": 21063.06972111554,
      "최대": 93500,
      "최소": 1850,
      "거래건수": 1004
    },
    {
      "거래일": "2020-03-24",
      "합계": 19842309,
      "평균": 22754.941513761467,
      "최대": 112500,
      "최소": 1900,
      "거래건수": 872
    },
    {
      "거래일": "2020-03-25",
      "합계": 20670586,
      "평균": 23147.35274356103,
      "최대": 130000,
      "최소": 1500,
      "거래건수": 893
    },
    {
      "거래일": "2020-03-26",
      "합계": 18001819,
      "평균": 22558.670426065164,
      "최대": 90000,
      "최소": 2100,
      "거래건수": 798
    },
    {
      "거래일": "2020-03-27",
      "합계": 22284210,
      "평균": 22577.720364741643,
      "최대": 130000,
      "최소": 1300,
      "거래건수": 987
    },
    {
      "거래일": "2020-03-28",
      "합계": 30569616,
      "평균": 25818.932432432433,
      "최대": 114800,
      "최소": 1500,
      "거래건수": 1184
    },
    {
      "거래일": "2020-03-29",
      "합계": 7021338,
      "평균": 22149.33123028391,
      "최대": 74500,
      "최소": 2300,
      "거래건수": 317
    },
    {
      "거래일": "2020-03-30",
      "합계": 20712004,
      "평균": 21243.081025641026,
      "최대": 93500,
      "최소": 2000,
      "거래건수": 975
    },
    {
      "거래일": "2020-03-31",
      "합계": 18885772,
      "평균": 22218.555294117647,
      "최대": 93000,
      "최소": 1800,
      "거래건수": 850
    },
    {
      "거래일": "2020-04-01",
      "합계": 20764440,
      "평균": 21406.639175257733,
      "최대": 108000,
      "최소": 1653,
      "거래건수": 970
    },
    {
      "거래일": "2020-04-02",
      "합계": 17506260,
      "평균": 21773.955223880595,
      "최대": 113000,
      "최소": 2300,
      "거래건수": 804
    },
    {
      "거래일": "2020-04-03",
      "합계": 19179326,
      "평균": 21720.64099660249,
      "최대": 120500,
      "최소": 700,
      "거래건수": 883
    },
    {
      "거래일": "2020-04-04",
      "합계": 31786147,
      "평균": 26444.38186356073,
      "최대": 116000,
      "최소": 2250,
      "거래건수": 1202
    },
    {
      "거래일": "2020-04-05",
      "합계": 6968595,
      "평균": 23865.051369863013,
      "최대": 121500,
      "최소": 2350,
      "거래건수": 292
    },
    {
      "거래일": "2020-04-06",
      "합계": 19531567,
      "평균": 21160.96099674973,
      "최대": 260000,
      "최소": 1300,
      "거래건수": 923
    },
    {
      "거래일": "2020-04-07",
      "합계": 18629294,
      "평균": 21942.63133097762,
      "최대": 143000,
      "최소": 1750,
      "거래건수": 849
    },
    {
      "거래일": "2020-04-08",
      "합계": 21226379,
      "평균": 22972.271645021647,
      "최대": 147000,
      "최소": 2000,
      "거래건수": 924
    },
    {
      "거래일": "2020-04-09",
      "합계": 18882870,
      "평균": 21829.907514450868,
      "최대": 100000,
      "최소": 1500,
      "거래건수": 865
    },
    {
      "거래일": "2020-04-10",
      "합계": 24005122,
      "평균": 23037.54510556622,
      "최대": 108000,
      "최소": 750,
      "거래건수": 1042
    },
    {
      "거래일": "2020-04-11",
      "합계": 29804735,
      "평균": 24410.102375102375,
      "최대": 89990,
      "최소": 1900,
      "거래건수": 1221
    },
    {
      "거래일": "2020-04-12",
      "합계": 6247858,
      "평균": 21769.540069686413,
      "최대": 90000,
      "최소": 1800,
      "거래건수": 287
    },
    {
      "거래일": "2020-04-13",
      "합계": 21927551,
      "평균": 22746.422199170123,
      "최대": 135000,
      "최소": 1100,
      "거래건수": 964
    },
    {
      "거래일": "2020-04-14",
      "합계": 19017317,
      "평균": 22268.52107728337,
      "최대": 120000,
      "최소": 1600,
      "거래건수": 854
    },
    {
      "거래일": "2020-04-15",
      "합계": 28900942,
      "평균": 26784.93234476367,
      "최대": 145000,
      "최소": 1950,
      "거래건수": 1079
    },
    {
      "거래일": "2020-04-16",
      "합계": 20331146,
      "평균": 22947.117381489843,
      "최대": 94500,
      "최소": 700,
      "거래건수": 886
    },
    {
      "거래일": "2020-04-17",
      "합계": 20860908,
      "평균": 23759.57630979499,
      "최대": 133000,
      "최소": 1200,
      "거래건수": 878
    },
    {
      "거래일": "2020-04-18",
      "합계": 37452453,
      "평균": 27119.806661839248,
      "최대": 120500,
      "최소": 1300,
      "거래건수": 1381
    },
    {
      "거래일": "2020-04-19",
      "합계": 8426600,
      "평균": 24007.40740740741,
      "최대": 89100,
      "최소": 2150,
      "거래건수": 351
    },
    {
      "거래일": "2020-04-20",
      "합계": 26033311,
      "평균": 22617.993918331886,
      "최대": 149000,
      "최소": 600,
      "거래건수": 1151
    },
    {
      "거래일": "2020-04-21",
      "합계": 22837753,
      "평균": 22544.672260612042,
      "최대": 130000,
      "최소": 600,
      "거래건수": 1013
    },
    {
      "거래일": "2020-04-22",
      "합계": 21936567,
      "평균": 22946.19979079498,
      "최대": 190000,
      "최소": 2050,
      "거래건수": 956
    },
    {
      "거래일": "2020-04-23",
      "합계": 21233978,
      "평균": 23385.43832599119,
      "최대": 136500,
      "최소": 1500,
      "거래건수": 908
    },
    {
      "거래일": "2020-04-24",
      "합계": 24382979,
      "평균": 23177.73669201521,
      "최대": 175000,
      "최소": 700,
      "거래건수": 1052
    },
    {
      "거래일": "2020-04-25",
      "합계": 37084884,
      "평균": 26641.439655172413,
      "최대": 136000,
      "최소": 1700,
      "거래건수": 1392
    },
    {
      "거래일": "2020-04-26",
      "합계": 8496537,
      "평균": 25438.733532934133,
      "최대": 175000,
      "최소": 2200,
      "거래건수": 334
    },
    {
      "거래일": "2020-04-27",
      "합계": 27803268,
      "평균": 23324.889261744967,
      "최대": 157000,
      "최소": 2050,
      "거래건수": 1192
    },
    {
      "거래일": "2020-04-28",
      "합계": 23702085,
      "평균": 22834.378612716762,
      "최대": 133000,
      "최소": 1600,
      "거래건수": 1038
    },
    {
      "거래일": "2020-04-29",
      "합계": 29161654,
      "평균": 23961.917830731305,
      "최대": 140000,
      "최소": 2000,
      "거래건수": 1217
    },
    {
      "거래일": "2020-04-30",
      "합계": 29360002,
      "평균": 26690.910909090908,
      "최대": 146000,
      "최소": 2000,
      "거래건수": 1100
    },
    {
      "거래일": "2020-05-01",
      "합계": 25719767,
      "평균": 25019.22859922179,
      "최대": 145000,
      "최소": 1400,
      "거래건수": 1028
    },
    {
      "거래일": "2020-05-02",
      "합계": 21850827,
      "평균": 26943.066584463624,
      "최대": 142000,
      "최소": 2100,
      "거래건수": 811
    },
    {
      "거래일": "2020-05-03",
      "합계": 6694811,
      "평균": 24704.09963099631,
      "최대": 124000,
      "최소": 2100,
      "거래건수": 271
    },
    {
      "거래일": "2020-05-04",
      "합계": 32766031,
      "평균": 23640.715007215007,
      "최대": 190000,
      "최소": 1550,
      "거래건수": 1386
    },
    {
      "거래일": "2020-05-05",
      "합계": 25476708,
      "평균": 28307.453333333335,
      "최대": 178500,
      "최소": 1800,
      "거래건수": 900
    },
    {
      "거래일": "2020-05-06",
      "합계": 29543772,
      "평균": 24137.06862745098,
      "최대": 176000,
      "최소": 1200,
      "거래건수": 1224
    },
    {
      "거래일": "2020-05-07",
      "합계": 29096224,
      "평균": 23888.525451559934,
      "최대": 137000,
      "최소": 1100,
      "거래건수": 1218
    },
    {
      "거래일": "2020-05-08",
      "합계": 29715995,
      "평균": 26227.70962047661,
      "최대": 135000,
      "최소": 1000,
      "거래건수": 1133
    },
    {
      "거래일": "2020-05-09",
      "합계": 41815763,
      "평균": 27637.649041639128,
      "최대": 145000,
      "최소": 2400,
      "거래건수": 1513
    },
    {
      "거래일": "2020-05-10",
      "합계": 13556969,
      "평균": 25483.024436090225,
      "최대": 130000,
      "최소": 2300,
      "거래건수": 532
    },
    {
      "거래일": "2020-05-11",
      "합계": 33226280,
      "평균": 24777.2408650261,
      "최대": 158000,
      "최소": 1500,
      "거래건수": 1341
    },
    {
      "거래일": "2020-05-12",
      "합계": 30728350,
      "평균": 24780.927419354837,
      "최대": 284000,
      "최소": 750,
      "거래건수": 1240
    },
    {
      "거래일": "2020-05-13",
      "합계": 29299730,
      "평균": 24396.11157368859,
      "최대": 141500,
      "최소": 1750,
      "거래건수": 1201
    },
    {
      "거래일": "2020-05-14",
      "합계": 26941008,
      "평균": 24162.339013452915,
      "최대": 160000,
      "최소": 2350,
      "거래건수": 1115
    },
    {
      "거래일": "2020-05-15",
      "합계": 33728157,
      "평균": 25551.63409090909,
      "최대": 240500,
      "최소": 1000,
      "거래건수": 1320
    },
    {
      "거래일": "2020-05-16",
      "합계": 60573260,
      "평균": 29051.923261390886,
      "최대": 148000,
      "최소": 1800,
      "거래건수": 2085
    },
    {
      "거래일": "2020-05-17",
      "합계": 13981955,
      "평균": 26232.560975609755,
      "최대": 113800,
      "최소": 1950,
      "거래건수": 533
    },
    {
      "거래일": "2020-05-18",
      "합계": 33577248,
      "평균": 24652.898678414098,
      "최대": 174000,
      "최소": 1500,
      "거래건수": 1362
    },
    {
      "거래일": "2020-05-19",
      "합계": 30588856,
      "평균": 24066.76317859953,
      "최대": 139000,
      "최소": 1850,
      "거래건수": 1271
    },
    {
      "거래일": "2020-05-20",
      "합계": 34742070,
      "평균": 24500.754583921014,
      "최대": 149500,
      "최소": 1750,
      "거래건수": 1418
    },
    {
      "거래일": "2020-05-21",
      "합계": 31971555,
      "평균": 25577.244,
      "최대": 195000,
      "최소": 2100,
      "거래건수": 1250
    },
    {
      "거래일": "2020-05-22",
      "합계": 35915083,
      "평균": 25801.06537356322,
      "최대": 148000,
      "최소": 1200,
      "거래건수": 1392
    },
    {
      "거래일": "2020-05-23",
      "합계": 56386122,
      "평균": 28651.48475609756,
      "최대": 128000,
      "최소": 2000,
      "거래건수": 1968
    },
    {
      "거래일": "2020-05-24",
      "합계": 15453945,
      "평균": 26690.751295336788,
      "최대": 115000,
      "최소": 2450,
      "거래건수": 579
    },
    {
      "거래일": "2020-05-25",
      "합계": 38549683,
      "평균": 25411.78839815425,
      "최대": 142000,
      "최소": 600,
      "거래건수": 1517
    },
    {
      "거래일": "2020-05-26",
      "합계": 34466257,
      "평균": 25973.064807837225,
      "최대": 138000,
      "최소": 1200,
      "거래건수": 1327
    },
    {
      "거래일": "2020-05-27",
      "합계": 37855714,
      "평균": 27001.22253922967,
      "최대": 167000,
      "최소": 1500,
      "거래건수": 1402
    },
    {
      "거래일": "2020-05-28",
      "합계": 35311944,
      "평균": 26590.319277108432,
      "최대": 157000,
      "최소": 1200,
      "거래건수": 1328
    },
    {
      "거래일": "2020-05-29",
      "합계": 39656374,
      "평균": 27050.732605729878,
      "최대": 157500,
      "최소": 1700,
      "거래건수": 1466
    },
    {
      "거래일": "2020-05-30",
      "합계": 73865546,
      "평균": 31729.186426116838,
      "최대": 158500,
      "최소": 1300,
      "거래건수": 2328
    },
    {
      "거래일": "2020-05-31",
      "합계": 17523667,
      "평균": 27596.32598425197,
      "최대": 114850,
      "최소": 1900,
      "거래건수": 635
    },
    {
      "거래일": "2020-06-01",
      "합계": 48492801,
      "평균": 26600.54909489852,
      "최대": 168000,
      "최소": 1300,
      "거래건수": 1823
    },
    {
      "거래일": "2020-06-02",
      "합계": 44169768,
      "평균": 27814.715365239295,
      "최대": 159000,
      "최소": 1950,
      "거래건수": 1588
    },
    {
      "거래일": "2020-06-03",
      "합계": 47491582,
      "평균": 28975.949969493595,
      "최대": 185000,
      "최소": 1200,
      "거래건수": 1639
    },
    {
      "거래일": "2020-06-04",
      "합계": 45678320,
      "평균": 29394.028314028314,
      "최대": 156000,
      "최소": 1550,
      "거래건수": 1554
    },
    {
      "거래일": "2020-06-05",
      "합계": 55327952,
      "평균": 29746.210752688174,
      "최대": 200000,
      "최소": 1800,
      "거래건수": 1860
    },
    {
      "거래일": "2020-06-06",
      "합계": 97160474,
      "평균": 34429.65060240964,
      "최대": 195000,
      "최소": 1650,
      "거래건수": 2822
    },
    {
      "거래일": "2020-06-07",
      "합계": 22808475,
      "평균": 30905.79268292683,
      "최대": 149000,
      "최소": 2250,
      "거래건수": 738
    },
    {
      "거래일": "2020-06-08",
      "합계": 61837477,
      "평균": 30076.59387159533,
      "최대": 220000,
      "최소": 1300,
      "거래건수": 2056
    },
    {
      "거래일": "2020-06-09",
      "합계": 60730091,
      "평균": 30124.053075396827,
      "최대": 141000,
      "최소": 1800,
      "거래건수": 2016
    },
    {
      "거래일": "2020-06-10",
      "합계": 72706195,
      "평균": 31097.602651839177,
      "최대": 184000,
      "최소": 1100,
      "거래건수": 2338
    },
    {
      "거래일": "2020-06-11",
      "합계": 70020195,
      "평균": 32104.62861072902,
      "최대": 182000,
      "최소": 1600,
      "거래건수": 2181
    },
    {
      "거래일": "2020-06-12",
      "합계": 84356314,
      "평균": 33302.92696407422,
      "최대": 204000,
      "최소": 1700,
      "거래건수": 2533
    },
    {
      "거래일": "2020-06-13",
      "합계": 128577544,
      "평균": 35945.63712608331,
      "최대": 190000,
      "최소": 1680,
      "거래건수": 3577
    },
    {
      "거래일": "2020-06-14",
      "합계": 35613476,
      "평균": 33283.62242990654,
      "최대": 202000,
      "최소": 1950,
      "거래건수": 1070
    },
    {
      "거래일": "2020-06-15",
      "합계": 108798909,
      "평균": 33851.558494088364,
      "최대": 176000,
      "최소": 1482,
      "거래건수": 3214
    },
    {
      "거래일": "2020-06-16",
      "합계": 138872907,
      "평균": 37072.319006940736,
      "최대": 184000,
      "최소": 1600,
      "거래건수": 3746
    },
    {
      "거래일": "2020-06-17",
      "합계": 95420890,
      "평균": 33434.088997897685,
      "최대": 180000,
      "최소": 2200,
      "거래건수": 2854
    },
    {
      "거래일": "2020-06-18",
      "합계": 110367860,
      "평균": 35545.20450885668,
      "최대": 190000,
      "최소": 1350,
      "거래건수": 3105
    },
    {
      "거래일": "2020-06-19",
      "합계": 52235996,
      "평균": 30072.53655728267,
      "최대": 149000,
      "최소": 1500,
      "거래건수": 1737
    },
    {
      "거래일": "2020-06-20",
      "합계": 86629016,
      "평균": 33216.6472392638,
      "최대": 200000,
      "최소": 1650,
      "거래건수": 2608
    },
    {
      "거래일": "2020-06-21",
      "합계": 24350154,
      "평균": 30437.6925,
      "최대": 154800,
      "최소": 600,
      "거래건수": 800
    },
    {
      "거래일": "2020-06-22",
      "합계": 59921206,
      "평균": 29796.72103431129,
      "최대": 168000,
      "최소": 1900,
      "거래건수": 2011
    },
    {
      "거래일": "2020-06-23",
      "합계": 61108757,
      "평균": 31019.673604060914,
      "최대": 156000,
      "최소": 1850,
      "거래건수": 1970
    },
    {
      "거래일": "2020-06-24",
      "합계": 54794818,
      "평균": 31636.730946882217,
      "최대": 160000,
      "최소": 1050,
      "거래건수": 1732
    },
    {
      "거래일": "2020-06-25",
      "합계": 56789695,
      "평균": 31271.85848017621,
      "최대": 208000,
      "최소": 1850,
      "거래건수": 1816
    },
    {
      "거래일": "2020-06-26",
      "합계": 65889852,
      "평균": 34034.014462809915,
      "최대": 250000,
      "최소": 1500,
      "거래건수": 1936
    },
    {
      "거래일": "2020-06-27",
      "합계": 95799984,
      "평균": 35960.954954954956,
      "최대": 227000,
      "최소": 2250,
      "거래건수": 2664
    },
    {
      "거래일": "2020-06-28",
      "합계": 27322705,
      "평균": 33565.976658476655,
      "최대": 199000,
      "최소": 1450,
      "거래건수": 814
    },
    {
      "거래일": "2020-06-29",
      "합계": 72497500,
      "평균": 32307.263814616756,
      "최대": 155500,
      "최소": 1000,
      "거래건수": 2244
    },
    {
      "거래일": "2020-06-30",
      "합계": 70462785,
      "평균": 32941.92847124825,
      "최대": 350000,
      "최소": 1450,
      "거래건수": 2139
    },
    {
      "거래일": "2020-07-01",
      "합계": 56349651,
      "평균": 29688.96259220232,
      "최대": 187500,
      "최소": 850,
      "거래건수": 1898
    },
    {
      "거래일": "2020-07-02",
      "합계": 56681494,
      "평균": 32973.52763234438,
      "최대": 200000,
      "최소": 1700,
      "거래건수": 1719
    },
    {
      "거래일": "2020-07-03",
      "합계": 63960019,
      "평균": 31600.799901185772,
      "최대": 185000,
      "최소": 1200,
      "거래건수": 2024
    },
    {
      "거래일": "2020-07-04",
      "합계": 113354294,
      "평균": 38012.841716968476,
      "최대": 184000,
      "최소": 2200,
      "거래건수": 2982
    },
    {
      "거래일": "2020-07-05",
      "합계": 27208595,
      "평균": 31166.775486827035,
      "최대": 159500,
      "최소": 2450,
      "거래건수": 873
    },
    {
      "거래일": "2020-07-06",
      "합계": 73623451,
      "평균": 32038.055265448216,
      "최대": 205000,
      "최소": 1290,
      "거래건수": 2298
    },
    {
      "거래일": "2020-07-07",
      "합계": 74133051,
      "평균": 33681.53157655611,
      "최대": 220000,
      "최소": 1700,
      "거래건수": 2201
    },
    {
      "거래일": "2020-07-08",
      "합계": 80957058,
      "평균": 32344.01038753496,
      "최대": 194000,
      "최소": 1900,
      "거래건수": 2503
    },
    {
      "거래일": "2020-07-09",
      "합계": 83301865,
      "평균": 32629.01096748923,
      "최대": 188000,
      "최소": 1800,
      "거래건수": 2553
    },
    {
      "거래일": "2020-07-10",
      "합계": 52775265,
      "평균": 31209.50029568303,
      "최대": 160000,
      "최소": 2000,
      "거래건수": 1691
    },
    {
      "거래일": "2020-07-11",
      "합계": 55733946,
      "평균": 35074.8558842039,
      "최대": 215000,
      "최소": 1800,
      "거래건수": 1589
    },
    {
      "거래일": "2020-07-12",
      "합계": 12304895,
      "평균": 28817.08430913349,
      "최대": 148000,
      "최소": 2350,
      "거래건수": 427
    },
    {
      "거래일": "2020-07-13",
      "합계": 33161807,
      "평균": 26721.842868654312,
      "최대": 155000,
      "최소": 600,
      "거래건수": 1241
    },
    {
      "거래일": "2020-07-14",
      "합계": 35169161,
      "평균": 29603.670875420874,
      "최대": 220000,
      "최소": 1800,
      "거래건수": 1188
    },
    {
      "거래일": "2020-07-15",
      "합계": 32518064,
      "평균": 28449.74978127734,
      "최대": 225000,
      "최소": 1700,
      "거래건수": 1143
    },
    {
      "거래일": "2020-07-16",
      "합계": 29980505,
      "평균": 28744.49185043145,
      "최대": 150000,
      "최소": 1400,
      "거래건수": 1043
    },
    {
      "거래일": "2020-07-17",
      "합계": 29905811,
      "평균": 28563.33428844317,
      "최대": 165000,
      "최소": 571,
      "거래건수": 1047
    },
    {
      "거래일": "2020-07-18",
      "합계": 53512747,
      "평균": 35252.13899868248,
      "최대": 203000,
      "최소": 1400,
      "거래건수": 1518
    },
    {
      "거래일": "2020-07-19",
      "합계": 9933139,
      "평균": 28299.54131054131,
      "최대": 138000,
      "최소": 3050,
      "거래건수": 351
    },
    {
      "거래일": "2020-07-20",
      "합계": 36504538,
      "평균": 28123.681047765793,
      "최대": 162000,
      "최소": 1600,
      "거래건수": 1298
    },
    {
      "거래일": "2020-07-21",
      "합계": 32992714,
      "평균": 28639.508680555555,
      "최대": 161000,
      "최소": 2000,
      "거래건수": 1152
    },
    {
      "거래일": "2020-07-22",
      "합계": 33066051,
      "평균": 30560.121072088725,
      "최대": 250000,
      "최소": 1600,
      "거래건수": 1082
    },
    {
      "거래일": "2020-07-23",
      "합계": 28540166,
      "평균": 29392.549948506694,
      "최대": 170000,
      "최소": 1600,
      "거래건수": 971
    },
    {
      "거래일": "2020-07-24",
      "합계": 35360041,
      "평균": 31741.508976660683,
      "최대": 169500,
      "최소": 1800,
      "거래건수": 1114
    },
    {
      "거래일": "2020-07-25",
      "합계": 51711257,
      "평균": 35860.78848821082,
      "최대": 185000,
      "최소": 1200,
      "거래건수": 1442
    },
    {
      "거래일": "2020-07-26",
      "합계": 13584060,
      "평균": 33376.068796068794,
      "최대": 147000,
      "최소": 1100,
      "거래건수": 407
    },
    {
      "거래일": "2020-07-27",
      "합계": 37781831,
      "평균": 29890.68908227848,
      "최대": 217000,
      "최소": 1500,
      "거래건수": 1264
    },
    {
      "거래일": "2020-07-28",
      "합계": 37462589,
      "평균": 30457.38943089431,
      "최대": 181000,
      "최소": 1300,
      "거래건수": 1230
    },
    {
      "거래일": "2020-07-29",
      "합계": 34992828,
      "평균": 30857.873015873014,
      "최대": 184000,
      "최소": 2000,
      "거래건수": 1134
    },
    {
      "거래일": "2020-07-30",
      "합계": 40450697,
      "평균": 31528.21278254092,
      "최대": 208000,
      "최소": 1450,
      "거래건수": 1283
    },
    {
      "거래일": "2020-07-31",
      "합계": 43938233,
      "평균": 33746.722734254996,
      "최대": 248000,
      "최소": 1700,
      "거래건수": 1302
    },
    {
      "거래일": "2020-08-01",
      "합계": 36088477,
      "평균": 33854.10600375234,
      "최대": 188500,
      "최소": 1300,
      "거래건수": 1066
    },
    {
      "거래일": "2020-08-02",
      "합계": 8032817,
      "평균": 29104.409420289856,
      "최대": 126000,
      "최소": 1600,
      "거래건수": 276
    },
    {
      "거래일": "2020-08-03",
      "합계": 23589230,
      "평균": 24572.114583333332,
      "최대": 167500,
      "최소": 950,
      "거래건수": 960
    },
    {
      "거래일": "2020-08-04",
      "합계": 19633147,
      "평균": 24030.779681762546,
      "최대": 148000,
      "최소": 1630,
      "거래건수": 817
    },
    {
      "거래일": "2020-08-05",
      "합계": 23422354,
      "평균": 24970.526652452027,
      "최대": 154500,
      "최소": 1600,
      "거래건수": 938
    },
    {
      "거래일": "2020-08-06",
      "합계": 32129345,
      "평균": 29804.58719851577,
      "최대": 190000,
      "최소": 1100,
      "거래건수": 1078
    },
    {
      "거래일": "2020-08-07",
      "합계": 35682942,
      "평균": 30446.196245733787,
      "최대": 167500,
      "최소": 1100,
      "거래건수": 1172
    },
    {
      "거래일": "2020-08-08",
      "합계": 41697957,
      "평균": 34206.69155045119,
      "최대": 151000,
      "최소": 1450,
      "거래건수": 1219
    },
    {
      "거래일": "2020-08-09",
      "합계": 10816917,
      "평균": 31083.094827586207,
      "최대": 147000,
      "최소": 1500,
      "거래건수": 348
    },
    {
      "거래일": "2020-08-10",
      "합계": 35677475,
      "평균": 28587.7203525641,
      "최대": 164500,
      "최소": 1800,
      "거래건수": 1248
    },
    {
      "거래일": "2020-08-11",
      "합계": 31580433,
      "평균": 29459.359141791047,
      "최대": 179500,
      "최소": 1800,
      "거래건수": 1072
    },
    {
      "거래일": "2020-08-12",
      "합계": 31579877,
      "평균": 28787.490428441204,
      "최대": 200000,
      "최소": 1780,
      "거래건수": 1097
    },
    {
      "거래일": "2020-08-13",
      "합계": 31316173,
      "평균": 28521.104735883426,
      "최대": 230000,
      "최소": 1700,
      "거래건수": 1098
    },
    {
      "거래일": "2020-08-14",
      "합계": 35681339,
      "평균": 29367.35720164609,
      "최대": 223000,
      "최소": 1300,
      "거래건수": 1215
    },
    {
      "거래일": "2020-08-15",
      "합계": 44900722,
      "평균": 35466.60505529226,
      "최대": 173000,
      "최소": 1600,
      "거래건수": 1266
    },
    {
      "거래일": "2020-08-16",
      "합계": 8632320,
      "평균": 30940.21505376344,
      "최대": 163000,
      "최소": 2100,
      "거래건수": 279
    },
    {
      "거래일": "2020-08-17",
      "합계": 34764432,
      "평균": 33014.65527065527,
      "최대": 195000,
      "최소": 1000,
      "거래건수": 1053
    },
    {
      "거래일": "2020-08-18",
      "합계": 32903846,
      "평균": 26599.71382376718,
      "최대": 160000,
      "최소": 2460,
      "거래건수": 1237
    },
    {
      "거래일": "2020-08-19",
      "합계": 33224217,
      "평균": 28666.27868852459,
      "최대": 148800,
      "최소": 2300,
      "거래건수": 1159
    },
    {
      "거래일": "2020-08-20",
      "합계": 33387855,
      "평균": 28857.264477095938,
      "최대": 200000,
      "최소": 1600,
      "거래건수": 1157
    },
    {
      "거래일": "2020-08-21",
      "합계": 32564196,
      "평균": 29310.707470747075,
      "최대": 238000,
      "최소": 1800,
      "거래건수": 1111
    },
    {
      "거래일": "2020-08-22",
      "합계": 48470603,
      "평균": 34230.65183615819,
      "최대": 260000,
      "최소": 2300,
      "거래건수": 1416
    },
    {
      "거래일": "2020-08-23",
      "합계": 10855956,
      "평균": 30239.43175487465,
      "최대": 193500,
      "최소": 1700,
      "거래건수": 359
    },
    {
      "거래일": "2020-08-24",
      "합계": 30696720,
      "평균": 26785.968586387433,
      "최대": 165000,
      "최소": 1200,
      "거래건수": 1146
    },
    {
      "거래일": "2020-08-25",
      "합계": 31682423,
      "평균": 28645.952079566003,
      "최대": 153000,
      "최소": 1450,
      "거래건수": 1106
    },
    {
      "거래일": "2020-08-26",
      "합계": 28317443,
      "평균": 28517.062437059416,
      "최대": 149500,
      "최소": 1800,
      "거래건수": 993
    },
    {
      "거래일": "2020-08-27",
      "합계": 26153172,
      "평균": 27356.874476987447,
      "최대": 148000,
      "최소": 1700,
      "거래건수": 956
    },
    {
      "거래일": "2020-08-28",
      "합계": 30031502,
      "평균": 27376.027347310846,
      "최대": 199000,
      "최소": 2100,
      "거래건수": 1097
    },
    {
      "거래일": "2020-08-29",
      "합계": 55002411,
      "평균": 34057.22043343653,
      "최대": 190000,
      "최소": 2100,
      "거래건수": 1615
    },
    {
      "거래일": "2020-08-30",
      "합계": 10651634,
      "평균": 28404.357333333333,
      "최대": 149900,
      "최소": 2680,
      "거래건수": 375
    },
    {
      "거래일": "2020-08-31",
      "합계": 27053409,
      "평균": 25522.08396226415,
      "최대": 224000,
      "최소": 1900,
      "거래건수": 1060
    },
    {
      "거래일": "2020-09-01",
      "합계": 26791929,
      "평균": 24356.29909090909,
      "최대": 148000,
      "최소": 1550,
      "거래건수": 1100
    },
    {
      "거래일": "2020-09-02",
      "합계": 24951207,
      "평균": 25749.43962848297,
      "최대": 194000,
      "최소": 1900,
      "거래건수": 969
    },
    {
      "거래일": "2020-09-03",
      "합계": 22071657,
      "평균": 26182.274021352314,
      "최대": 180000,
      "최소": 1700,
      "거래건수": 843
    },
    {
      "거래일": "2020-09-04",
      "합계": 29092276,
      "평균": 26447.523636363636,
      "최대": 138000,
      "최소": 1500,
      "거래건수": 1100
    },
    {
      "거래일": "2020-09-05",
      "합계": 54004886,
      "평균": 33070.96509491733,
      "최대": 175000,
      "최소": 1200,
      "거래건수": 1633
    },
    {
      "거래일": "2020-09-06",
      "합계": 10785277,
      "평균": 25863.973621103116,
      "최대": 152000,
      "최소": 1600,
      "거래건수": 417
    },
    {
      "거래일": "2020-09-07",
      "합계": 25695688,
      "평균": 26794.252346193953,
      "최대": 171000,
      "최소": 1700,
      "거래건수": 959
    },
    {
      "거래일": "2020-09-08",
      "합계": 31055025,
      "평균": 27555.47914818101,
      "최대": 167900,
      "최소": 1400,
      "거래건수": 1127
    },
    {
      "거래일": "2020-09-09",
      "합계": 28610978,
      "평균": 27378.926315789475,
      "최대": 203000,
      "최소": 1900,
      "거래건수": 1045
    },
    {
      "거래일": "2020-09-10",
      "합계": 29961709,
      "평균": 26943.982913669064,
      "최대": 163000,
      "최소": 1900,
      "거래건수": 1112
    },
    {
      "거래일": "2020-09-11",
      "합계": 31503908,
      "평균": 28204.035810205907,
      "최대": 197000,
      "최소": 2400,
      "거래건수": 1117
    },
    {
      "거래일": "2020-09-12",
      "합계": 52685091,
      "평균": 32262.762400489897,
      "최대": 183500,
      "최소": 2100,
      "거래건수": 1633
    },
    {
      "거래일": "2020-09-13",
      "합계": 11959041,
      "평균": 28406.273159144894,
      "최대": 127000,
      "최소": 1900,
      "거래건수": 421
    },
    {
      "거래일": "2020-09-14",
      "합계": 32521880,
      "평균": 26526.818923327897,
      "최대": 209000,
      "최소": 1700,
      "거래건수": 1226
    },
    {
      "거래일": "2020-09-15",
      "합계": 33297783,
      "평균": 27817.696741854637,
      "최대": 187000,
      "최소": 1100,
      "거래건수": 1197
    },
    {
      "거래일": "2020-09-16",
      "합계": 28815929,
      "평균": 26291.906021897812,
      "최대": 175000,
      "최소": 1700,
      "거래건수": 1096
    },
    {
      "거래일": "2020-09-17",
      "합계": 28410570,
      "평균": 27476.37330754352,
      "최대": 164000,
      "최소": 1700,
      "거래건수": 1034
    },
    {
      "거래일": "2020-09-18",
      "합계": 32631896,
      "평균": 28301.731136166523,
      "최대": 302000,
      "최소": 640,
      "거래건수": 1153
    },
    {
      "거래일": "2020-09-19",
      "합계": 59138733,
      "평균": 34402.98603839442,
      "최대": 182000,
      "최소": 1800,
      "거래건수": 1719
    },
    {
      "거래일": "2020-09-20",
      "합계": 14110385,
      "평균": 27831.134122287967,
      "최대": 156000,
      "최소": 1700,
      "거래건수": 507
    },
    {
      "거래일": "2020-09-21",
      "합계": 30702478,
      "평균": 25063.247346938777,
      "최대": 260000,
      "최소": 2000,
      "거래건수": 1225
    },
    {
      "거래일": "2020-09-22",
      "합계": 29960760,
      "평균": 27411.49130832571,
      "최대": 233000,
      "최소": 2000,
      "거래건수": 1093
    },
    {
      "거래일": "2020-09-23",
      "합계": 30431315,
      "평균": 27614.62341197822,
      "최대": 197000,
      "최소": 1100,
      "거래건수": 1102
    },
    {
      "거래일": "2020-09-24",
      "합계": 25341873,
      "평균": 27074.65064102564,
      "최대": 160000,
      "최소": 1300,
      "거래건수": 936
    },
    {
      "거래일": "2020-09-25",
      "합계": 29645885,
      "평균": 27680.564892623715,
      "최대": 175000,
      "최소": 1450,
      "거래건수": 1071
    },
    {
      "거래일": "2020-09-26",
      "합계": 41652958,
      "평균": 31844.769113149847,
      "최대": 160000,
      "최소": 2000,
      "거래건수": 1308
    },
    {
      "거래일": "2020-09-27",
      "합계": 9906030,
      "평균": 27516.75,
      "최대": 109500,
      "최소": 1250,
      "거래건수": 360
    },
    {
      "거래일": "2020-09-28",
      "합계": 28281316,
      "평균": 25593.95113122172,
      "최대": 159000,
      "최소": 1700,
      "거래건수": 1105
    },
    {
      "거래일": "2020-09-29",
      "합계": 24918094,
      "평균": 29178.096018735363,
      "최대": 200000,
      "최소": 1500,
      "거래건수": 854
    },
    {
      "거래일": "2020-09-30",
      "합계": 2885462,
      "평균": 22720.173228346455,
      "최대": 78000,
      "최소": 2000,
      "거래건수": 127
    },
    {
      "거래일": "2020-10-01",
      "합계": 449930,
      "평균": 21425.238095238095,
      "최대": 53000,
      "최소": 3100,
      "거래건수": 21
    },
    {
      "거래일": "2020-10-02",
      "합계": 1009850,
      "평균": 20197.0,
      "최대": 65500,
      "최소": 2400,
      "거래건수": 50
    },
    {
      "거래일": "2020-10-03",
      "합계": 2950115,
      "평균": 25000.974576271186,
      "최대": 71000,
      "최소": 2800,
      "거래건수": 118
    },
    {
      "거래일": "2020-10-04",
      "합계": 3052900,
      "평균": 23850.78125,
      "최대": 90000,
      "최소": 1700,
      "거래건수": 128
    },
    {
      "거래일": "2020-10-05",
      "합계": 19180217,
      "평균": 23679.28024691358,
      "최대": 160000,
      "최소": 1380,
      "거래건수": 810
    },
    {
      "거래일": "2020-10-06",
      "합계": 17903379,
      "평균": 23342.084745762713,
      "최대": 110000,
      "최소": 750,
      "거래건수": 767
    },
    {
      "거래일": "2020-10-07",
      "합계": 16208618,
      "평균": 22701.145658263304,
      "최대": 102900,
      "최소": 1500,
      "거래건수": 714
    },
    {
      "거래일": "2020-10-08",
      "합계": 18274465,
      "평균": 23671.586787564767,
      "최대": 135000,
      "최소": 1600,
      "거래건수": 772
    },
    {
      "거래일": "2020-10-09",
      "합계": 22791693,
      "평균": 28813.771175726928,
      "최대": 93000,
      "최소": 1600,
      "거래건수": 791
    },
    {
      "거래일": "2020-10-10",
      "합계": 19501935,
      "평균": 26212.27822580645,
      "최대": 93000,
      "최소": 1900,
      "거래건수": 744
    },
    {
      "거래일": "2020-10-11",
      "합계": 6801425,
      "평균": 25097.50922509225,
      "최대": 84500,
      "최소": 2350,
      "거래건수": 271
    },
    {
      "거래일": "2020-10-12",
      "합계": 16010628,
      "평균": 21011.32283464567,
      "최대": 109000,
      "최소": 1500,
      "거래건수": 762
    },
    {
      "거래일": "2020-10-13",
      "합계": 15632539,
      "평균": 24198.97678018576,
      "최대": 183000,
      "최소": 1900,
      "거래건수": 646
    },
    {
      "거래일": "2020-10-14",
      "합계": 12317642,
      "평균": 23110.022514071294,
      "최대": 103000,
      "최소": 1650,
      "거래건수": 533
    },
    {
      "거래일": "2020-10-15",
      "합계": 11425641,
      "평균": 23270.144602851324,
      "최대": 103000,
      "최소": 1200,
      "거래건수": 491
    },
    {
      "거래일": "2020-10-16",
      "합계": 8839243,
      "평균": 23018.861979166668,
      "최대": 195000,
      "최소": 2000,
      "거래건수": 384
    },
    {
      "거래일": "2020-10-17",
      "합계": 11566638,
      "평균": 27409.094786729856,
      "최대": 107000,
      "최소": 1850,
      "거래건수": 422
    },
    {
      "거래일": "2020-10-18",
      "합계": 3090480,
      "평균": 27349.380530973453,
      "최대": 137000,
      "최소": 2900,
      "거래건수": 113
    },
    {
      "거래일": "2020-10-19",
      "합계": 2809748,
      "평균": 18485.184210526317,
      "최대": 61900,
      "최소": 1800,
      "거래건수": 152
    },
    {
      "거래일": "2020-10-20",
      "합계": 43650,
      "평균": 14550.0,
      "최대": 25750,
      "최소": 8400,
      "거래건수": 3
    }
  ]
}