{
  "주간": [
    {
      "년월": "2019.12",
      "주차": 1,
      "주시작일": "2019-12-30 00:00:00",
      "합계": 144302960,
      "평균": 29907.349222797926,
      "최대": 230000,
      "최소": 1000,
      "거래건수": 4825
    },
    {
      "년월": "2020.01",
      "주차": 2,
      "주시작일": "2020-01-06 00:00:00",
      "합계": 269019342,
      "평균": 29647.271545073836,
      "최대": 184500,
      "최소": 830,
      "거래건수": 9074
    },
    {
      "년월": "2020.01",
      "주차": 3,
      "주시작일": "2020-01-13 00:00:00",
      "합계": 313924709,
      "평균": 29767.182723307415,
      "최대": 172500,
      "최소": 1000,
      "거래건수": 10546
    },
    {
      "년월": "2020.01",
      "주차": 4,
      "주시작일": "2020-01-20 00:00:00",
      "합계": 196052804,
      "평균": 29331.65828845003,
      "최대": 144000,
      "최소": 1000,
      "거래건수": 6684
    },
    {
      "년월": "2020.01",
      "주차": 5,
      "주시작일": "2020-01-27 00:00:00",
      "합계": 267425485,
      "평균": 28901.489787096078,
      "최대": 245000,
      "최소": 600,
      "거래건수": 9253
    },
    {
      "년월": "2020.02",
      "주차": 6,
      "주시작일": "2020-02-03 00:00:00",
      "합계": 322149149,
      "평균": 28556.79008953107,
      "최대": 180000,
      "최소": 1100,
      "거래건수": 11281
    },
    {
      "년월": "2020.02",
      "주차": 7,
      "주시작일": "2020-02-10 00:00:00",
      "합계": 396397140,
      "평균": 29544.39442498323,
      "최대": 243000,
      "최소": 750,
      "거래건수": 13417
    },
    {
      "년월": "2020.02",
      "주차": 8,
      "주시작일": "2020-02-17 00:00:00",
      "합계": 429524148,
      "평균": 29871.62862507824,
      "최대": 200000,
      "최소": 1100,
      "거래건수": 14379
    },
    {
      "년월": "2020.02",
      "주차": 9,
      "주시작일": "2020-02-24 00:00:00",
      "합계": 312160437,
      "평균": 29673.04534220532,
      "최대": 177500,
      "최소": 562,
      "거래건수": 10520
    },
    {
      "년월": "2020.03",
      "주차": 10,
      "주시작일": "2020-03-02 00:00:00",
      "합계": 218451776,
      "평균": 26569.177329117003,
      "최대": 186000,
      "최소": 1000,
      "거래건수": 8222
    },
    {
      "년월": "2020.03",
      "주차": 11,
      "주시작일": "2020-03-09 00:00:00",
      "합계": 219006989,
      "평균": 27215.979744003977,
      "최대": 170000,
      "최소": 515,
      "거래건수": 8047
    },
    {
      "년월": "2020.03",
      "주차": 12,
      "주시작일": "2020-03-16 00:00:00",
      "합계": 168938851,
      "평균": 24626.65466472303,
      "최대": 145000,
      "최소": 900,
      "거래건수": 6860
    },
    {
      "년월": "2020.03",
      "주차": 13,
      "주시작일": "2020-03-23 00:00:00",
      "합계": 139537200,
      "평균": 23044.954582989267,
      "최대": 130000,
      "최소": 1300,
      "거래건수": 6055
    },
    {
      "년월": "2020.03",
      "주차": 14,
      "주시작일": "2020-03-30 00:00:00",
      "합계": 135802544,
      "평균": 22724.65595716198,
      "최대": 121500,
      "최소": 700,
      "거래건수": 5976
    },
    {
      "년월": "2020.04",
      "주차": 15,
      "주시작일": "2020-04-06 00:00:00",
      "합계": 138327825,
      "평균": 22635.87383406971,
      "최대": 260000,
      "최소": 750,
      "거래건수": 6111
    },
    {
      "년월": "2020.04",
      "주차": 16,
      "주시작일": "2020-04-13 00:00:00",
      "합계": 156916917,
      "평균": 24545.11450023463,
      "최대": 145000,
      "최소": 700,
      "거래건수": 6393
    },
    {
      "년월": "2020.04",
      "주차": 17,
      "주시작일": "2020-04-20 00:00:00",
      "합계": 162006009,
      "평균": 23803.410079341757,
      "최대": 190000,
      "최소": 600,
      "거래건수": 6806
    },
    {
      "년월": "2020.04",
      "주차": 18,
      "주시작일": "2020-04-27 00:00:00",
      "합계": 164292414,
      "평균": 24679.647589004056,
      "최대": 157000,
      "최소": 1400,
      "거래건수": 6657
    },
    {
      "년월": "2020.05",
      "주차": 19,
      "주시작일": "2020-05-04 00:00:00",
      "합계": 201971462,
      "평균": 25546.60536301543,
      "최대": 190000,
      "최소": 1000,
      "거래건수": 7906
    },
    {
      "년월": "2020.05",
      "주차": 20,
      "주시작일": "2020-05-11 00:00:00",
      "합계": 228478740,
      "평균": 25860.638370118846,
      "최대": 284000,
      "최소": 750,
      "거래건수": 8835
    },
    {
      "년월": "2020.05",
      "주차": 21,
      "주시작일": "2020-05-18 00:00:00",
      "합계": 238634879,
      "평균": 25826.285606060606,
      "최대": 195000,
      "최소": 1200,
      "거래건수": 9240
    },
    {
      "년월": "2020.05",
      "주차": 22,
      "주시작일": "2020-05-25 00:00:00",
      "합계": 277229185,
      "평균": 27714.60411876437,
      "최대": 167000,
      "최소": 600,
      "거래건수": 10003
    },
    {
      "년월": "2020.06",
      "주차": 23,
      "주시작일": "2020-06-01 00:00:00",
      "합계": 361129372,
      "평균": 30034.04624085163,
      "최대": 200000,
      "최소": 1200,
      "거래건수": 12024
    },
    {
      "년월": "2020.06",
      "주차": 24,
      "주시작일": "2020-06-08 00:00:00",
      "합계": 513841292,
      "평균": 32581.402067085157,
      "최대": 220000,
      "최소": 1100,
      "거래건수": 15771
    },
    {
      "년월": "2020.06",
      "주차": 25,
      "주시작일": "2020-06-15 00:00:00",
      "합계": 616675732,
      "평균": 34138.38197519929,
      "최대": 200000,
      "최소": 600,
      "거래건수": 18064
    },
    {
      "년월": "2020.06",
      "주차": 26,
      "주시작일": "2020-06-22 00:00:00",
      "합계": 421627017,
      "평균": 32575.679286100596,
      "최대": 250000,
      "최소": 1050,
      "거래건수": 12943
    },
    {
      "년월": "2020.06",
      "주차": 27,
      "주시작일": "2020-06-29 00:00:00",
      "합계": 460514338,
      "평균": 33180.65696375819,
      "최대": 350000,
      "최소": 850,
      "거래건수": 13879
    },
    {
      "년월": "2020.07",
      "주차": 28,
      "주시작일": "2020-07-06 00:00:00",
      "합계": 432829531,
      "평균": 32636.821821746344,
      "최대": 220000,
      "최소": 1290,
      "거래건수": 13262
    },
    {
      "년월": "2020.07",
      "주차": 29,
      "주시작일": "2020-07-13 00:00:00",
      "합계": 224181234,
      "평균": 29767.790997211527,
      "최대": 225000,
      "최소": 571,
      "거래건수": 7531
    },
    {
      "년월": "2020.07",
      "주차": 30,
      "주시작일": "2020-07-20 00:00:00",
      "합계": 231758827,
      "평균": 31041.90021430485,
      "최대": 250000,
      "최소": 1100,
      "거래건수": 7466
    },
    {
      "년월": "2020.07",
      "주차": 31,
      "주시작일": "2020-07-27 00:00:00",
      "합계": 238747472,
      "평균": 31601.253739245534,
      "최대": 248000,
      "최소": 1300,
      "거래건수": 7555
    },
    {
      "년월": "2020.08",
      "주차": 32,
      "주시작일": "2020-08-03 00:00:00",
      "합계": 186971892,
      "평균": 28623.988364972443,
      "최대": 190000,
      "최소": 950,
      "거래건수": 6532
    },
    {
      "년월": "2020.08",
      "주차": 33,
      "주시작일": "2020-08-10 00:00:00",
      "합계": 219368339,
      "평균": 30153.723573883162,
      "최대": 230000,
      "최소": 1300,
      "거래건수": 7275
    },
    {
      "년월": "2020.08",
      "주차": 34,
      "주시작일": "2020-08-17 00:00:00",
      "합계": 226171105,
      "평균": 30188.348238120663,
      "최대": 260000,
      "최소": 1000,
      "거래건수": 7492
    },
    {
      "년월": "2020.08",
      "주차": 35,
      "주시작일": "2020-08-24 00:00:00",
      "합계": 212535305,
      "평균": 29162.363474204172,
      "최대": 199000,
      "최소": 1200,
      "거래건수": 7288
    },
    {
      "년월": "2020.08",
      "주차": 36,
      "주시작일": "2020-08-31 00:00:00",
      "합계": 194750641,
      "평균": 27344.93695591126,
      "최대": 224000,
      "최소": 1200,
      "거래건수": 7122
    },
    {
      "년월": "2020.09",
      "주차": 37,
      "주시작일": "2020-09-07 00:00:00",
      "합계": 211471440,
      "평균": 28523.258699757214,
      "최대": 203000,
      "최소": 1400,
      "거래건수": 7414
    },
    {
      "년월": "2020.09",
      "주차": 38,
      "주시작일": "2020-09-14 00:00:00",
      "합계": 228927176,
      "평균": 28861.217347453352,
      "최대": 302000,
      "최소": 640,
      "거래건수": 7932
    },
    {
      "년월": "2020.09",
      "주차": 39,
      "주시작일": "2020-09-21 00:00:00",
      "합계": 197641299,
      "평균": 27856.419873150106,
      "최대": 260000,
      "최소": 1100,
      "거래건수": 7095
    },
    {
      "년월": "2020.09",
      "주차": 40,
      "주시작일": "2020-09-28 00:00:00",
      "합계": 63547667,
      "평균": 26445.13816063254,
      "최대": 200000,
      "최소": 1500,
      "거래건수": 2403
    },
    {
      "년월": "2020.10",
      "주차": 41,
      "주시작일": "2020-10-05 00:00:00",
      "합계": 120661732,
      "평균": 24781.624974327377,
      "최대": 160000,
      "최소": 750,
      "거래건수": 4869
    },
    {
      "년월": "2020.10",
      "주차": 42,
      "주시작일": "2020-10-12 00:00:00",
      "합계": 78882811,
      "평균": 23540.080871381677,
      "최대": 195000,
      "최소": 1200,
      "거래건수": 3351
    },
    {
      "년월": "2020.10",
      "주차": 43,
      "주시작일": "2020-10-19 00:00:00",
      "합계": 2853398,
      "평균": 18409.01935483871,
      "최대": 61900,
      "최소": 1800,
      "거래건수": 155
    }
  ]
}