{
  "면적": [
    {
      "규모": "20㎡이하",
      "2020년 6월": 1147
    },
    {
      "규모": "21~40㎡",
      "2020년 6월": 8136
    },
    {
      "규모": "41~60㎡",
      "2020년 6월": 50127
    },
    {
      "규모": "61~85㎡",
      "2020년 6월": 78927
    },
    {
      "규모": "86~100㎡",
      "2020년 6월": 2855
    },
    {
      "규모": "101~135㎡",
      "2020년 6월": 13974
    },
    {
      "규모": "136~165㎡",
      "2020년 6월": 2357
    },
    {
      "규모": "166~198㎡",
      "2020년 6월": 624
    },
    {
      "규모": "198㎡초과",
      "2020년 6월": 201
    }
  ]
}