행정구역별(1),행정구역별(2),1월,1월,2월,2월,3월,3월,4월,4월,5월,5월,6월,6월,7월,7월,8월,8월,9월,9월,10월,10월,11월,11월,12월,12월
행정구역별(1),행정구역별(2),호수,면적(천㎡),호수,면적(천㎡),호수,면적(천㎡),호수,면적(천㎡),호수,면적(천㎡),호수,면적(천㎡),호수,면적(천㎡),호수,면적(천㎡),호수,면적(천㎡),호수,면적(천㎡),호수,면적(천㎡),호수,면적(천㎡)
전국,소계,137125,10457,152542,11564,123721,9243,83012,6041,102531,7508,158348,12120,173221,12994,106969,8148,113844,8548,113766,8532,137937,10330,172359,12893
서울특별시,소계,17545,1217,16515,1186,15521,1027,7332,450,9767,661,15761,1134,24038,1751,12277,861,13207,894,10276,651,10548,708,14060,983
서울특별시,종로구,194,16,91,6,104,8,55,4,68,5,106,8,173,14,80,6,57,5,51,4,100,6,102,9
서울특별시,중구,186,14,124,10,116,10,50,4,63,5,151,11,223,19,310,14,464,24,136,8,179,11,132,10
서울특별시,용산구,634,40,448,34,186,14,228,14,834,42,267,28,478,40,259,22,150,14,127,11,245,18,247,24
서울특별시,성동구,458,35,400,31,325,25,157,12,154,12,393,31,1600,119,347,28,250,20,125,10,231,19,466,34
서울특별시,광진구,192,16,163,13,123,9,99,8,116,9,180,15,438,31,248,15,591,46,164,8,367,30,205,13
서울특별시,동대문구,802,45,986,52,563,36,216,13,289,19,427,32,985,63,916,65,302,19,242,15,216,14,385,26
서울특별시,중랑구,307,21,440,29,510,34,218,15,286,16,433,28,604,41,333,22,391,28,217,13,126,8,263,17
서울특별시,성북구,762,58,674,51,941,60,230,17,286,21,599,46,1096,83,479,34,621,37,393,24,260,18,485,33
서울특별시,강북구,526,34,360,28,354,28,121,9,142,11,288,22,423,32,117,8,94,7,151,9,88,6,172,13
서울특별시,도봉구,493,35,508,36,679,48,260,18,332,20,729,48,1049,70,367,26,235,16,201,13,231,16,431,29
서울특별시,노원구,1291,80,1390,86,1347,83,542,34,517,33,1456,90,1950,123,858,50,1546,96,561,31,485,29,1219,78
서울특별시,은평구,447,32,516,37,566,39,615,31,532,31,519,39,1176,77,477,33,568,30,2277,142,441,24,1099,74
서울특별시,서대문구,2027,136,1081,67,696,40,315,17,193,14,563,38,959,62,310,23,540,30,305,21,298,21,511,36
서울특별시,마포구,551,39,509,34,2051,133,283,20,308,19,692,43,914,62,582,35,231,17,224,17,278,19,391,30
서울특별시,양천구,638,49,551,39,747,46,385,20,655,38,866,65,1135,81,510,38,261,19,436,22,420,31,471,34
서울특별시,강서구,774,47,717,48,564,39,480,29,295,20,1000,61,2514,179,877,61,503,33,333,24,327,23,699,47
서울특별시,구로구,620,44,719,52,606,44,280,19,378,24,765,53,1029,74,377,27,296,20,274,18,374,22,553,36
서울특별시,금천구,511,31,233,16,301,19,134,8,125,8,236,17,358,50,178,12,192,12,188,10,237,12,450,20
서울특별시,영등포구,1016,73,475,34,1597,96,459,18,334,14,741,43,709,52,427,30,328,23,373,25,654,41,763,52
서울특별시,동작구,379,30,552,35,579,44,239,17,190,14,452,35,1326,104,922,68,813,58,196,15,464,31,582,36
서울특별시,관악구,1301,86,347,24,446,29,289,18,152,11,443,34,487,36,275,20,404,22,227,15,195,14,368,22
서울특별시,서초구,657,52,473,35,378,27,313,21,590,42,725,56,783,67,727,58,1122,94,423,30,482,39,788,61
서울특별시,강남구,520,46,961,71,345,25,776,47,2262,187,1968,160,1116,84,931,67,1080,72,724,49,994,67,1848,147
서울특별시,송파구,890,71,2706,249,365,29,222,16,345,26,987,75,1524,114,830,59,722,49,665,43,982,65,696,57
서울특별시,강동구,1369,85,1091,70,1032,64,366,20,321,19,775,57,989,72,540,38,1446,101,1263,73,1874,123,734,45
부산광역시,소계,11037,846,8456,681,8762,675,6846,502,6983,512,13588,1036,13397,1041,8636,660,9313,731,11502,892,18932,1482,15122,1109
부산광역시,중구,33,2,30,2,27,2,40,2,39,2,39,2,46,2,25,2,52,3,44,2,58,4,80,5
부산광역시,서구,190,16,205,18,157,13,278,17,230,19,437,37,286,25,131,10,153,12,149,12,339,28,255,20
부산광역시,동구,267,19,276,19,428,31,306,22,293,21,234,16,233,16,117,7,176,12,247,15,337,22,289,17
부산광역시,영도구,228,17,169,12,193,13,160,11,170,14,172,12,422,29,144,9,925,70,424,29,478,31,583,38
부산광역시,부산진구,1964,137,1340,101,1493,106,674,45,818,55,3077,217,1919,128,2216,157,744,54,1923,137,2279,166,2230,162
부산광역시,동래구,787,62,779,58,469,35,341,26,558,40,871,67,1221,97,851,64,759,62,833,68,1481,121,751,53
부산광역시,남구,1628,104,603,49,1272,99,731,52,946,60,898,74,1089,88,713,57,1634,129,2034,155,1545,126,797,61
부산광역시,북구,868,64,762,57,782,58,681,47,491,34,820,60,802,62,396,29,508,39,586,45,1543,115,1120,80
부산광역시,해운대구,1788,174,1215,128,908,90,745,66,904,76,1708,143,2425,214,936,80,1217,106,1577,135,3147,255,950,61
부산광역시,사하구,560,39,560,41,486,36,679,48,455,33,761,57,748,56,453,34,505,39,668,51,1433,109,1477,110
부산광역시,금정구,446,35,337,26,374,29,439,33,305,23,398,33,554,45,345,28,440,39,563,47,1125,91,673,51
부산광역시,강서구,262,21,246,20,163,13,126,10,198,17,489,41,469,39,233,21,454,34,337,27,1024,86,476,41
부산광역시,연제구,677,56,772,62,789,61,737,56,294,23,569,45,1049,80,420,32,510,38,668,53,1123,92,3268,251
부산광역시,수영구,638,48,478,36,475,35,274,21,487,40,702,51,966,74,887,73,484,36,519,43,786,65,300,24
부산광역시,사상구,200,14,244,17,231,16,317,22,330,21,1916,144,505,33,372,24,258,18,366,25,996,72,1071,73
부산광역시,기장군,501,38,440,33,515,38,318,24,465,35,497,38,663,51,397,32,494,40,564,45,1238,101,802,62
대구광역시,소계,7025,564,8725,675,4874,369,4026,308,5581,422,8561,668,11089,874,7244,567,12306,961,10372,836,9322,736,10873,853
대구광역시,중구,515,36,1397,117,354,32,1308,107,517,38,1849,162,777,64,568,41,1573,119,949,78,801,60,817,65
대구광역시,동구,581,43,974,74,545,41,420,30,493,37,675,52,1462,111,865,68,4432,349,1161,92,1249,98,1762,136
대구광역시,서구,216,16,1153,88,121,9,99,8,120,9,416,26,256,19,739,55,1981,148,969,72,458,34,245,18
대구광역시,남구,571,50,388,28,123,10,105,8,827,66,272,23,360,30,173,15,193,16,549,41,338,27,262,21
대구광역시,북구,1836,148,1063,79,764,56,547,38,1008,71,1920,130,1837,140,1235,92,850,65,1705,135,1833,136,1993,152
대구광역시,수성구,1218,104,982,74,759,62,349,29,549,43,1059,87,1580,133,907,78,1044,90,2311,198,1213,109,983,78
대구광역시,달서구,1452,118,2128,167,984,80,831,64,1574,121,1737,143,2776,221,1886,155,1572,126,2017,167,2188,177,2061,152
대구광역시,달성군,636,48,640,48,1224,79,367,25,493,36,633,47,2041,155,871,65,661,50,711,53,1242,95,2750,231
인천광역시,소계,18841,1511,13637,1025,15049,1189,6792,493,9258,670,12911,985,9456,653,9042,665,8656,636,5144,374,4471,322,7969,587
인천광역시,중구,1544,127,1189,85,693,52,307,24,285,23,1119,88,849,60,175,13,835,66,544,42,331,26,401,32
인천광역시,동구,398,28,191,13,233,15,142,9,152,9,194,12,586,37,163,10,236,15,144,9,123,8,158,10
인천광역시,미추홀구,1134,79,3165,206,1001,75,608,44,571,42,1634,110,1723,128,1395,95,1204,81,536,38,488,34,650,47
인천광역시,연수구,1337,114,2318,199,2705,234,1573,138,1274,105,3810,340,1208,98,1786,155,515,42,845,75,683,58,1475,125
인천광역시,남동구,925,72,1678,136,1946,152,965,69,873,61,1469,103,1081,69,861,58,750,52,670,46,589,40,845,60
인천광역시,부평구,1554,111,1615,111,1847,129,1160,79,1794,124,1804,124,1690,114,1550,105,553,36,1114,74,925,60,1673,110
인천광역시,계양구,539,36,581,38,689,43,486,31,606,39,895,55,754,46,409,26,364,23,546,32,552,34,756,46
인천광역시,서구,11396,942,2884,235,5924,486,1548,100,3682,265,1971,153,1548,99,2681,201,4192,319,733,56,765,61,1986,156
인천광역시,강화군,14,1,16,1,11,1,3,0,21,2,15,1,17,1,22,2,7,0,12,1,15,1,25,2
광주광역시,소계,3524,269,8878,702,3181,243,2330,171,3281,252,3783,453,4724,373,3486,436,2981,227,3225,249,8982,715,7240,559
광주광역시,동구,779,60,1498,116,224,17,140,11,293,26,419,31,651,52,287,20,232,17,301,24,411,31,309,25
광주광역시,서구,606,49,1832,150,723,56,600,45,438,34,619,48,734,57,492,38,528,42,620,48,934,75,1094,84
광주광역시,남구,372,29,957,80,367,30,288,22,265,20,435,33,595,47,634,53,622,50,538,43,1017,83,967,79
광주광역시,북구,886,65,3353,262,990,76,751,53,1703,129,1513,281,1889,152,931,238,803,59,920,69,4494,353,3432,263
광주광역시,광산구,881,66,1238,95,877,64,551,40,582,43,797,59,855,65,1142,88,796,59,846,65,2126,173,1438,108
대전광역시,소계,4165,316,4354,322,3483,254,2750,191,3085,224,8165,624,3693,262,2323,164,1895,137,2115,154,4190,328,3890,285
대전광역시,동구,622,43,954,69,583,41,412,29,452,33,844,58,526,33,265,18,250,17,268,18,279,18,514,35
대전광역시,중구,696,50,506,34,491,33,326,23,536,37,717,54,379,27,393,23,220,16,247,18,235,17,421,30
대전광역시,서구,1344,103,1217,89,1000,72,767,48,908,63,2076,157,1118,77,674,47,653,46,684,48,616,44,1100,80
대전광역시,유성구,1119,91,1174,94,892,70,754,57,717,58,3835,305,1324,101,691,56,534,42,591,49,2762,228,1447,111
대전광역시,대덕구,384,29,503,37,517,38,491,35,472,33,693,50,346,23,300,21,238,17,325,22,298,21,408,29
울산광역시,소계,2885,228,3281,252,1990,155,1233,94,1581,122,2661,211,5964,482,1957,149,2519,193,2273,179,6537,500,4892,365
울산광역시,중구,498,40,530,42,346,28,220,17,299,24,507,42,544,45,378,30,374,30,442,36,2462,189,672,51
울산광역시,남구,1149,92,1629,126,680,53,463,36,502,39,1157,91,1627,130,531,42,1210,94,816,64,2006,150,1543,111
울산광역시,동구,546,41,253,18,403,31,128,9,195,14,247,19,2804,229,430,28,198,13,181,13,441,34,1223,91
울산광역시,북구,371,30,545,43,312,25,239,18,331,26,436,35,542,44,305,25,447,35,472,38,1090,86,862,68
울산광역시,울주군,321,25,324,24,249,19,183,13,254,19,314,24,447,35,313,23,290,21,362,28,538,42,592,44
세종특별자치시,소계,2159,176,1824,147,1191,97,776,59,1527,103,1577,120,8988,658,2870,194,1328,83,715,47,644,40,1615,130
세종특별자치시,세종특별자치시,2159,176,1824,147,1191,97,776,59,1527,103,1577,120,8988,658,2870,194,1328,83,715,47,644,40,1615,130
경기도,소계,38053,2938,53407,4131,43226,3296,26861,2024,28200,2066,52000,3955,52315,3985,30564,2339,30616,2352,36782,2804,33524,2486,50371,3815
경기도,수원시,4102,311,10381,749,3658,258,2971,208,2315,153,3846,265,4636,340,4258,302,3317,241,2273,164,4665,358,5481,429
경기도,수원시 장안구,798,61,1397,101,528,38,354,24,323,21,1124,78,1663,128,394,25,1166,79,305,21,272,20,561,40
경기도,수원시 권선구,1125,90,5012,375,579,43,302,22,998,71,769,56,1041,77,844,64,702,56,750,57,706,53,1229,90
경기도,수원시 팔달구,505,36,2209,149,1992,138,2088,147,654,37,344,21,544,32,2489,171,317,20,473,29,1407,90,542,38
경기도,수원시 영통구,1674,125,1763,124,559,39,227,15,340,23,1609,110,1388,105,531,41,1132,86,745,56,2280,195,3149,261
경기도,성남시,1689,134,1366,100,1330,98,639,43,726,52,1606,127,2994,236,1185,90,1049,88,3165,224,1302,93,2185,166
경기도,성남시 수정구,196,14,215,15,283,18,167,10,146,9,248,17,480,28,209,13,153,11,2152,139,280,15,187,15
경기도,성남시 중원구,259,19,281,19,228,16,103,6,93,6,216,14,423,28,172,11,156,11,150,9,175,11,375,25
경기도,성남시 분당구,1234,101,870,67,819,64,369,27,487,38,1142,96,2091,180,804,66,740,67,863,75,847,68,1623,125
경기도,의정부시,857,59,1082,77,1459,106,856,59,1058,72,2827,198,1619,107,935,65,1559,100,942,61,1600,106,1641,109
경기도,안양시,1594,112,2965,202,1380,95,622,42,683,48,1827,122,1600,110,981,67,785,54,907,57,948,61,1820,123
경기도,안양시 만안구,579,41,1215,79,356,24,197,13,241,17,487,34,441,31,317,21,246,17,233,16,265,18,778,52
경기도,안양시 동안구,1015,72,1750,123,1024,71,425,29,442,30,1340,88,1159,79,664,46,539,37,674,40,683,43,1042,71
경기도,부천시,1465,105,1986,140,2772,202,1507,109,1217,84,1877,132,1643,111,862,63,723,52,816,56,971,68,1342,94
경기도,광명시,876,59,1027,78,960,70,467,35,363,25,1188,75,2858,191,1316,90,538,38,264,17,323,18,458,30
경기도,평택시,1887,144,2746,216,2264,169,2173,172,2466,191,3046,235,1294,98,1342,100,2363,186,3276,247,2858,206,2537,179
경기도,동두천시,95,7,162,12,152,11,127,9,145,11,270,19,249,18,197,14,159,11,191,14,217,15,566,35
경기도,안산시,2364,165,3135,227,3579,267,1935,143,2148,146,3378,228,1961,131,577,40,733,54,660,46,585,44,1004,75
경기도,안산시 상록구,1026,77,1245,93,2104,164,1130,89,940,72,959,71,533,37,305,21,293,22,324,23,289,23,434,34
경기도,안산시 단원구,1338,88,1890,134,1475,102,805,54,1208,73,2419,157,1428,93,272,19,440,32,336,24,296,21,570,41
경기도,고양시,2986,251,2314,189,2223,186,1872,131,1599,135,5173,437,5081,401,1633,135,1393,110,1558,125,2861,224,3987,305
경기도,고양시 덕양구,1732,136,1071,76,958,71,979,63,651,49,2278,176,3038,212,695,49,593,42,603,42,1304,90,1570,114
경기도,고양시 일산동구,568,53,551,49,554,50,443,30,438,41,1104,98,786,73,373,34,313,28,419,37,601,54,892,74
경기도,고양시 일산서구,686,63,692,63,711,65,450,38,510,44,1791,163,1257,116,565,52,487,41,536,46,956,81,1525,118
경기도,과천시,58,4,43,3,44,2,390,22,606,28,89,6,119,8,56,3,540,47,107,5,171,9,1914,162
경기도,구리시,488,35,608,44,494,37,164,12,177,12,300,22,521,38,263,18,636,44,176,12,143,10,270,20
경기도,남양주시,2202,164,1910,157,2336,191,1536,116,1354,109,3156,254,2380,194,1257,101,1084,86,1446,107,1219,95,2670,214
경기도,오산시,522,38,940,75,1064,82,462,35,658,47,1161,88,932,64,447,35,630,54,785,50,557,39,750,51
경기도,시흥시,3366,258,3662,285,4731,338,3062,240,2660,190,3082,210,1955,131,1325,96,2849,202,2071,143,1149,73,1711,117
경기도,군포시,594,40,1389,98,1766,123,433,30,416,29,1001,71,649,46,256,18,284,20,312,22,300,21,741,52
경기도,의왕시,1265,103,1081,84,647,51,205,15,386,27,330,24,422,32,202,16,149,12,153,11,159,12,452,34
경기도,하남시,659,43,514,36,681,44,957,80,357,22,609,43,3121,246,550,38,365,24,326,22,322,23,1251,100
경기도,용인시,3842,328,4648,434,3681,322,1404,118,1626,146,3399,308,3885,351,2243,201,2437,208,1770,153,1864,157,3171,282
경기도,용인시 처인구,1065,71,461,41,1169,84,276,22,299,23,459,37,619,46,427,32,515,39,320,24,348,26,508,36
경기도,용인시 기흥구,1309,115,2061,187,1444,136,573,51,677,63,1425,130,1597,146,945,85,1299,106,740,60,659,60,1220,111
경기도,용인시 수지구,1468,142,2126,206,1068,102,555,46,650,60,1515,141,1669,159,871,83,623,62,710,69,857,71,1443,135
경기도,파주시,656,51,753,60,842,67,553,44,1066,72,1285,102,1799,141,1712,149,1680,145,4448,382,2029,166,3768,288
경기도,이천시,285,21,287,21,303,22,229,18,326,25,308,23,408,29,242,18,269,20,254,19,305,22,383,28
경기도,안성시,249,16,366,24,462,31,352,24,389,27,771,55,1384,91,296,20,461,32,456,32,493,34,992,65
경기도,김포시,974,83,1360,110,1637,136,860,73,1188,96,2903,230,3153,257,2158,175,2087,178,3006,249,2634,203,1331,103
경기도,화성시,3507,288,4492,364,2570,210,1100,87,1726,127,3805,294,4200,341,1754,130,1189,91,4341,350,3202,226,5473,417
경기도,광주시,480,39,645,51,1050,82,506,42,546,46,967,81,791,67,664,57,1446,117,692,52,989,77,643,49
경기도,양주시,689,56,3179,268,826,71,1212,94,1516,109,3098,255,1929,156,2904,222,1543,112,1375,105,1064,82,1323,98
경기도,포천시,83,6,129,9,108,8,81,6,69,5,322,22,389,26,110,8,103,7,107,8,131,9,173,12
경기도,여주시,91,7,96,7,77,6,100,7,318,24,185,13,156,12,710,59,104,8,153,11,201,14,1673,128
경기도,연천군,19,1,21,1,39,3,19,1,21,1,20,1,28,2,14,1,17,1,18,1,14,1,17,1
경기도,가평군,44,2,37,3,31,2,22,2,28,2,111,9,57,5,42,4,34,3,58,4,118,8,104,7
경기도,양평군,65,5,83,6,60,5,45,4,47,4,60,5,102,8,73,6,90,7,676,53,130,11,540,40
강원도,소계,4173,313,5080,375,3572,266,3156,231,3522,256,4514,333,4578,343,2909,206,3599,280,3209,242,3630,258,4606,325
강원도,춘천시,1114,90,1810,141,740,59,838,67,719,58,1099,89,927,75,521,40,507,39,525,40,643,50,796,60
강원도,원주시,1601,120,1765,130,1515,116,923,68,1510,112,1663,122,1253,92,989,70,1436,124,1156,99,1167,86,1707,123
강원도,강릉시,543,39,552,40,423,32,308,21,334,23,440,31,459,32,364,24,344,24,449,30,661,42,567,37
강원도,동해시,198,15,211,15,189,13,242,17,174,12,271,19,214,15,194,14,172,12,159,11,175,12,303,22
강원도,태백시,74,5,83,5,57,3,47,3,54,3,44,2,58,3,58,3,46,2,33,2,57,3,58,3
강원도,속초시,213,15,269,19,263,18,447,33,323,22,560,42,1144,93,339,25,642,50,439,32,454,34,692,50
강원도,삼척시,123,8,110,7,70,4,73,5,84,6,85,5,85,6,66,4,61,4,90,6,78,5,96,6
강원도,홍천군,40,3,43,3,44,3,40,2,35,2,28,2,40,2,52,3,43,3,40,2,41,3,53,3
강원도,횡성군,26,2,34,2,30,2,33,2,38,3,44,3,44,3,38,3,39,3,41,3,31,2,34,2
강원도,영월군,31,2,32,2,26,2,23,2,22,1,34,2,26,2,28,2,37,3,22,1,38,2,28,2
강원도,평창군,97,7,37,2,45,2,37,2,47,2,72,4,86,4,81,5,73,4,58,3,55,3,79,4
강원도,정선군,20,1,16,1,28,1,18,1,18,1,21,1,27,1,15,1,23,1,23,1,56,3,18,1
강원도,철원군,2,0,9,1,12,1,9,0,24,1,7,1,18,1,8,1,12,1,14,1,25,2,12,1
강원도,화천군,1,0,1,0,2,0,2,0,1,0,5,0,2,0,4,0,6,0,8,1,4,0,5,0
강원도,양구군,6,0,3,0,5,0,7,1,4,0,2,0,24,2,23,2,7,1,8,1,4,0,10,1
강원도,인제군,28,2,45,3,32,2,21,2,27,2,15,1,19,1,28,2,28,2,20,2,21,2,15,1
강원도,고성군,29,2,30,2,46,3,33,2,50,3,64,4,84,6,49,4,53,4,62,4,58,4,63,4
강원도,양양군,27,2,30,2,45,3,55,4,58,4,60,4,68,5,52,3,70,5,62,4,62,4,70,5
충청북도,소계,3695,277,3932,291,3063,219,2716,195,6598,516,5848,423,2793,194,2051,143,2861,203,2383,163,3277,228,4429,305
충청북도,청주시,2808,215,2682,207,1842,138,1833,138,5410,438,3967,301,1562,112,1100,80,1682,122,1327,93,1964,143,2792,201
충청북도,청주시 상당구,872,68,946,76,563,41,533,43,2805,232,1024,82,465,35,352,27,803,62,326,24,374,29,527,39
충청북도,청주시 서원구,529,39,358,26,318,23,370,26,755,57,870,64,410,28,252,18,234,16,308,21,471,33,761,51
충청북도,청주시 흥덕구,985,76,953,72,610,46,571,43,1166,96,1228,96,460,33,321,22,453,29,434,30,827,61,985,72
충청북도,청주시 청원구,422,32,425,32,351,27,359,26,684,53,845,59,227,16,175,13,192,14,259,18,292,21,519,39
충청북도,충주시,387,27,411,27,335,22,311,19,535,34,602,40,522,34,268,17,319,21,408,25,747,47,957,58
충청북도,제천시,129,8,341,23,396,26,178,11,185,12,240,16,217,15,223,15,248,17,211,14,181,12,184,12
충청북도,보은군,9,1,18,1,26,2,19,1,24,2,18,1,36,3,22,2,39,3,36,3,19,1,19,1
충청북도,옥천군,34,2,69,5,86,6,44,3,36,2,38,3,38,2,42,3,28,2,39,2,40,3,69,4
충청북도,영동군,8,1,38,2,11,1,18,1,11,1,12,1,16,1,17,1,17,1,14,1,16,1,29,2
충청북도,증평군,143,11,104,7,100,7,130,9,129,9,612,38,62,4,135,10,290,21,108,8,49,3,57,4
충청북도,진천군,83,6,129,9,114,8,74,5,119,9,123,9,124,9,79,5,98,7,79,6,84,6,128,9
충청북도,괴산군,4,0,6,0,4,0,6,0,8,1,8,1,7,0,5,0,2,0,9,1,6,0,3,0
충청북도,음성군,77,5,113,8,140,9,92,6,129,9,209,14,192,13,146,10,127,8,144,10,157,10,177,12
충청북도,단양군,13,1,21,1,9,0,11,1,12,1,19,1,17,1,14,1,11,1,8,0,14,1,14,1
충청남도,소계,4165,313,4390,319,4570,339,4063,287,4009,296,6480,472,6748,477,5394,379,6571,501,6694,505,6377,469,9698,728
충청남도,천안시,2123,162,2200,159,1818,132,1807,128,1865,136,2695,198,3044,205,1995,139,2851,216,2843,217,3236,239,3363,249
충청남도,천안시 동남구,700,53,732,56,646,48,844,61,576,42,905,66,1146,61,532,35,748,55,1396,108,1322,98,1176,86
충청남도,천안시 서북구,1423,108,1468,103,1172,84,963,67,1289,95,1790,132,1898,144,1463,104,2103,161,1447,108,1914,141,2187,162
충청남도,공주시,96,6,145,10,118,8,98,6,121,9,142,9,210,15,231,16,295,21,525,42,186,13,310,21
충청남도,보령시,128,9,175,13,117,8,116,8,105,8,136,10,133,10,134,10,120,9,105,7,123,9,111,8
충청남도,아산시,885,65,732,53,887,67,886,62,763,56,1021,75,1074,80,784,54,672,47,935,63,968,70,1838,126
충청남도,서산시,246,19,285,21,275,21,242,18,319,24,336,25,622,47,574,44,972,80,620,51,299,23,467,35
충청남도,논산시,107,8,100,7,114,8,80,6,98,7,112,8,154,11,126,9,118,8,100,7,105,7,135,9
충청남도,계룡시,86,8,79,7,92,8,65,5,130,11,1025,74,124,9,976,65,127,7,133,8,88,6,138,11
충청남도,당진시,214,16,291,22,293,22,251,19,251,19,533,41,968,71,217,16,1039,86,237,17,283,21,2445,207
충청남도,금산군,29,2,30,2,501,40,217,13,48,3,44,3,59,3,26,1,28,2,34,2,40,2,52,3
충청남도,부여군,22,1,35,2,27,2,26,2,21,1,30,2,42,3,44,3,89,6,32,2,41,3,37,3
충청남도,서천군,20,2,34,3,19,1,52,4,34,3,98,5,36,3,29,2,39,3,36,2,35,3,25,2
충청남도,청양군,3,0,11,1,3,0,9,1,18,1,20,1,11,1,6,0,5,0,29,2,8,1,9,1
충청남도,홍성군,125,9,147,11,163,13,122,9,130,9,146,11,144,11,156,12,136,10,138,10,141,11,123,9
충청남도,예산군,51,4,66,5,92,7,50,4,53,4,72,5,70,5,47,3,50,3,879,72,757,58,270,20
충청남도,태안군,30,2,60,4,51,3,42,3,53,3,70,4,57,3,49,3,30,2,48,3,67,4,375,24
전라북도,소계,4152,319,3897,298,3120,230,2506,186,3623,252,4023,300,4634,345,3327,259,3155,245,3738,284,4873,367,6851,500
전라북도,전주시,2531,199,2354,184,1628,127,1234,95,1374,107,2250,176,2244,180,1440,112,1549,126,1608,126,2225,174,2683,200
전라북도,전주시  완산구,1714,131,1537,119,860,67,655,50,710,55,1251,96,1236,91,689,52,663,51,661,49,1082,82,1492,108
전라북도,전주시 덕진구,817,68,817,66,768,61,579,45,664,52,999,80,1008,89,751,60,886,74,947,78,1143,92,1191,92
전라북도,군산시,480,37,415,32,455,34,362,27,858,62,785,57,1303,91,478,34,450,33,597,45,718,53,1001,72
전라북도,익산시,401,28,498,35,501,34,420,29,499,33,498,34,552,37,725,57,722,56,472,33,467,32,645,43
전라북도,정읍시,439,34,185,14,149,10,108,8,545,27,130,9,134,9,414,38,138,11,130,9,132,9,152,11
전라북도,남원시,45,3,95,7,54,4,54,4,49,3,62,4,71,5,61,4,66,5,49,3,63,4,456,39
전라북도,김제시,60,4,48,3,101,5,75,5,73,4,80,5,85,6,48,3,55,4,42,3,84,6,76,5
전라북도,완주군,97,7,117,8,92,7,83,6,91,6,95,7,117,8,85,6,92,6,765,59,1092,82,1680,118
전라북도,진안군,5,0,3,0,3,0,8,0,5,0,0,0,7,0,4,0,2,0,2,0,3,0,1,0
전라북도,무주군,17,1,7,0,16,1,6,0,7,0,10,1,7,0,2,0,6,0,7,0,6,0,46,4
전라북도,장수군,3,0,4,0,4,0,2,0,2,0,1,0,7,0,3,0,1,0,3,0,3,0,4,0
전라북도,임실군,6,0,8,1,14,1,6,0,14,1,7,0,3,0,6,0,11,1,6,0,3,0,8,1
전라북도,순창군,10,1,17,1,3,0,5,0,3,0,8,1,15,1,8,1,4,0,5,0,9,1,13,1
전라북도,고창군,23,2,29,2,31,2,19,1,23,2,26,2,25,2,17,1,21,1,28,2,18,1,22,2
전라북도,부안군,35,2,117,10,69,4,124,9,80,6,71,5,64,4,36,2,38,3,24,2,50,3,64,5
전라남도,소계,2361,173,4265,326,3180,236,4154,308,4787,376,4266,328,5982,445,2986,221,4176,298,4381,329,3628,266,5000,392
전라남도,목포시,322,24,651,49,516,38,329,25,356,26,507,39,1037,80,489,37,1116,83,462,35,545,42,533,42
전라남도,여수시,640,47,1475,116,862,65,399,27,528,37,1032,84,801,61,488,35,873,50,706,42,611,44,674,51
전라남도,순천시,533,41,856,69,647,49,1908,144,2652,221,1112,85,1104,79,632,46,547,41,2007,166,866,64,1499,127
전라남도,나주시,113,8,116,8,98,6,107,7,101,7,177,13,287,22,207,16,210,16,195,15,348,27,459,36
전라남도,광양시,325,21,663,46,564,39,528,38,415,28,407,26,1478,113,561,41,727,54,409,28,538,37,1019,75
전라남도,담양군,14,1,9,1,5,0,6,0,49,3,17,1,19,2,16,1,32,3,34,3,58,5,41,3
전라남도,곡성군,18,1,16,1,3,0,6,0,59,3,7,0,7,0,4,0,4,0,3,0,5,0,8,0
전라남도,구례군,5,0,11,1,5,0,5,0,7,1,16,1,7,1,11,1,13,1,5,0,12,1,8,1
전라남도,고흥군,22,1,39,2,26,2,130,10,76,6,95,7,63,5,27,2,25,2,24,1,17,1,22,2
전라남도,보성군,10,1,15,1,11,1,9,1,11,1,11,1,19,1,20,1,18,1,13,1,17,1,17,1
전라남도,화순군,58,4,63,5,69,5,70,5,60,5,66,4,71,5,58,4,55,4,144,10,52,4,89,7
전라남도,장흥군,16,1,9,1,13,1,4,0,13,1,15,1,17,1,17,1,10,1,10,1,20,1,12,1
전라남도,강진군,19,1,22,2,26,2,22,2,15,1,15,1,26,2,11,1,11,1,13,1,18,1,11,1
전라남도,해남군,45,3,50,3,57,4,41,3,48,4,59,5,48,4,45,3,53,4,35,3,60,5,50,4
전라남도,영암군,35,2,28,2,30,2,117,6,43,3,64,4,356,19,56,3,104,6,79,5,166,9,160,9
전라남도,무안군,124,11,168,15,183,17,190,17,292,25,576,48,455,37,224,18,311,25,164,14,173,15,296,25
전라남도,함평군,4,0,3,0,4,0,3,0,6,0,0,0,78,7,56,4,10,1,13,1,16,1,20,1
전라남도,영광군,22,1,40,3,24,2,229,19,36,3,52,4,48,3,27,2,25,2,29,2,41,3,34,2
전라남도,장성군,13,1,15,1,15,1,24,2,4,0,10,1,22,1,19,1,13,1,19,1,23,2,23,1
전라남도,완도군,13,1,8,1,13,1,20,2,13,1,11,1,16,1,7,0,10,1,8,1,8,1,14,1
전라남도,진도군,9,1,8,1,9,1,7,0,3,0,17,1,23,1,11,1,9,1,9,1,34,2,11,1
전라남도,신안군,1,0,0,0,0,0,0,0,0,0,0,0,0,0,0,0,0,0,0,0,0,0,0,0
경상북도,소계,3968,300,4213,318,3142,235,3184,235,4171,308,6300,485,5350,407,3736,281,3721,277,4473,329,6647,489,10297,777
경상북도,포항시,1400,110,1266,99,914,72,1107,86,1223,92,1271,100,1308,102,712,55,777,59,1003,74,1811,139,2114,162
경상북도,포항시 남구,495,40,387,31,311,24,291,22,343,26,436,35,529,42,244,18,260,19,304,23,606,49,659,52
경상북도,포항시 북구,905,70,879,68,603,48,816,64,880,66,835,65,779,60,468,37,517,40,699,51,1205,90,1455,110
경상북도,경주시,278,21,443,35,273,21,249,17,313,23,919,74,551,43,298,22,327,24,454,35,936,63,1550,130
경상북도,김천시,137,10,126,9,220,15,144,10,185,13,227,17,226,16,115,8,148,10,218,17,228,17,349,26
경상북도,안동시,256,18,302,22,159,11,155,11,166,12,194,14,204,15,167,12,199,14,198,14,199,14,227,15
경상북도,구미시,654,48,805,60,636,47,653,48,1309,98,1979,150,1190,88,609,45,644,48,582,43,1215,93,3487,260
경상북도,영주시,122,10,140,10,117,9,92,6,95,7,119,9,114,9,89,6,87,6,87,6,69,5,117,8
경상북도,영천시,162,11,123,8,89,6,90,6,99,6,427,34,190,13,92,6,86,6,102,6,143,10,199,14
경상북도,상주시,102,7,106,8,118,9,98,7,94,7,134,10,284,22,99,8,105,8,95,7,87,6,114,8
경상북도,문경시,46,3,29,2,28,2,24,1,32,2,32,2,195,16,55,4,52,4,44,3,42,3,36,2
경상북도,경산시,534,41,474,35,349,26,320,24,393,29,682,54,729,57,1168,91,948,72,1317,99,1469,107,1553,113
경상북도,군위군,4,0,2,0,3,0,3,0,4,0,3,0,3,0,1,0,8,1,1,0,5,0,3,0
경상북도,의성군,19,1,16,1,9,1,11,1,8,1,12,1,8,0,6,0,13,1,11,1,14,1,10,1
경상북도,청송군,6,0,10,1,4,0,11,1,5,0,6,0,6,0,2,0,4,0,2,0,4,0,9,1
경상북도,영양군,0,0,1,0,2,0,4,0,3,0,2,0,0,0,3,0,0,0,6,0,3,0,3,0
경상북도,영덕군,8,1,9,1,12,1,10,1,9,1,11,1,8,1,7,0,13,1,7,1,10,1,12,1
경상북도,청도군,10,1,17,1,14,1,14,1,6,0,20,1,14,1,11,1,11,1,17,1,9,1,21,1
경상북도,고령군,8,0,17,1,14,1,14,1,13,1,11,1,25,1,14,1,14,1,13,1,20,1,19,1
경상북도,성주군,18,1,16,1,12,1,7,0,6,0,12,1,12,1,7,0,3,0,5,0,15,1,7,1
경상북도,칠곡군,90,6,116,8,100,7,102,7,125,8,162,11,174,12,171,11,174,12,196,13,246,17,287,19
경상북도,예천군,89,7,126,10,38,3,46,4,54,4,49,4,83,7,84,7,80,6,90,7,90,7,147,12
경상북도,봉화군,0,0,5,0,10,1,3,0,7,0,11,1,7,0,5,0,7,0,6,0,3,0,6,0
경상북도,울진군,25,2,63,5,19,2,26,2,19,1,16,1,19,1,20,2,21,2,19,1,28,2,25,2
경상북도,울릉군,0,0,1,0,2,0,1,0,3,0,1,0,0,0,1,0,0,0,0,0,1,0,2,0
경상남도,소계,8962,671,7322,488,5464,389,4040,287,6326,455,7519,570,8973,670,7832,600,6640,508,6101,465,11781,895,14391,1102
경상남도,창원시,2876,194,3232,176,2043,128,1384,88,1444,103,2920,211,3985,299,2412,181,1591,124,2231,173,4439,343,4309,350
경상남도,창원시 의창구,1314,67,1750,64,920,43,587,28,391,25,974,58,848,55,286,20,270,20,376,27,687,50,775,55
경상남도,창원시 성산구,561,42,603,43,408,28,265,19,287,20,764,53,1653,120,350,25,385,28,618,45,1585,106,849,58
경상남도,창원시 마산합포구,357,34,224,18,192,15,131,11,165,13,365,33,565,52,401,36,333,30,565,54,1043,101,1627,156
경상남도,창원시 마산회원귀,335,26,448,34,321,24,199,14,398,30,528,44,374,30,1141,82,241,18,394,24,449,36,380,30
경상남도,창원시 진해구,309,25,207,16,202,16,202,16,203,16,289,23,545,42,234,18,362,27,278,22,675,49,678,52
경상남도,진주시,681,54,642,52,543,44,374,30,517,43,969,82,935,75,631,50,655,53,650,51,949,76,1282,101
경상남도,통영시,142,10,277,22,162,12,138,11,105,8,156,12,139,10,131,10,140,10,144,10,172,13,241,18
경상남도,사천시,98,7,119,9,137,10,131,9,148,11,209,14,219,15,190,12,187,14,113,8,147,11,197,15
경상남도,김해시,1307,104,1305,103,991,77,881,68,2460,166,1160,97,1275,99,1074,82,2206,166,1363,105,2422,185,4285,328
경상남도,밀양시,111,9,82,6,129,10,78,6,103,8,87,6,106,8,136,10,237,19,143,11,119,9,363,29
경상남도,거제시,1640,136,452,33,468,36,299,22,588,46,725,53,684,49,238,18,210,15,238,17,453,33,896,66
경상남도,양산시,1918,143,914,68,741,55,571,40,769,57,1063,79,1387,98,2829,223,1232,94,849,62,2814,206,2519,173
경상남도,의령군,5,0,9,1,15,1,8,1,8,1,3,0,6,0,9,1,11,1,6,0,8,1,6,0
경상남도,함안군,38,3,78,5,81,5,29,2,47,3,54,4,63,4,47,3,35,3,64,5,75,6,87,6
경상남도,창녕군,31,2,45,3,30,2,31,2,28,2,26,2,39,3,28,2,24,2,36,3,48,3,56,4
경상남도,고성군,14,1,25,2,27,2,24,2,19,1,31,2,29,2,20,1,22,1,18,1,26,2,28,2
경상남도,남해군,9,1,10,1,7,1,8,1,9,1,13,1,13,1,11,1,9,1,35,3,16,1,23,2
경상남도,하동군,8,0,19,1,11,1,12,1,10,1,26,2,11,1,6,0,16,1,12,1,10,1,15,1
경상남도,산청군,8,1,17,1,11,1,5,0,7,1,6,0,12,1,6,0,13,1,134,9,15,1,5,0
경상남도,함양군,8,1,14,1,15,1,15,1,15,1,10,1,13,1,11,1,11,1,14,1,18,1,14,1
경상남도,거창군,63,4,75,6,45,3,42,3,42,3,45,3,41,3,41,3,29,2,43,3,44,4,55,4
경상남도,합천군,5,0,7,1,8,1,10,1,7,0,16,1,16,1,12,1,12,1,8,1,6,0,10,1
제주특별자치도,소계,415,27,366,26,333,23,247,17,232,16,391,23,499,36,335,24,300,22,383,28,574,42,1055,79
제주특별자치도,제주시,309,22,257,19,243,18,154,10,163,12,234,16,357,25,243,18,227,17,261,19,403,30,678,51
제주특별자치도,서귀포시,106,5,109,7,90,6,93,7,69,5,157,7,142,11,92,6,73,5,122,9,171,12,377,28